rosbagTimestamp,header,seq,stamp,secs,nsecs,frame_id,id,instance_id,active,heartbeat_timeout,heartbeat_period
1543504658386960337,,0,,1543504658,386494049,'',"""/Estimator_1acd0a0f-b6dc-48ce-95a4-cbe4e9f750bd""","""915e742e-0a7a-4267-9290-8f9b02b1ca0b""",True,4.0,1.0
1543504658472525496,,0,,1543504658,472248605,'',"""/Estimator_1acd0a0f-b6dc-48ce-95a4-cbe4e9f750bd""","""5341b588-5556-4f2f-b66a-a145b54f0ead""",True,4.0,1.0
1543504659158461771,,1,,1543504659,158128225,'',"""/ViconBridge_975dac0e-c545-4af5-8666-61f8d8027392""","""b9267e2d-739e-42c9-9091-6cff37293bbc""",True,4.0,1.0
1543504659172153786,,0,,1543504659,171914747,'',"""/ViconBridge_975dac0e-c545-4af5-8666-61f8d8027392""","""75b5b731-fa8f-4f35-8e5f-af99eacc211c""",True,4.0,1.0
1543504659386634321,,2,,1543504659,386415716,'',"""/Estimator_1acd0a0f-b6dc-48ce-95a4-cbe4e9f750bd""","""915e742e-0a7a-4267-9290-8f9b02b1ca0b""",True,4.0,1.0
1543504659472317751,,1,,1543504659,472152700,'',"""/Estimator_1acd0a0f-b6dc-48ce-95a4-cbe4e9f750bd""","""5341b588-5556-4f2f-b66a-a145b54f0ead""",True,4.0,1.0
1543504660158415361,,3,,1543504660,158081333,'',"""/ViconBridge_975dac0e-c545-4af5-8666-61f8d8027392""","""b9267e2d-739e-42c9-9091-6cff37293bbc""",True,4.0,1.0
1543504660172017929,,1,,1543504660,171837182,'',"""/ViconBridge_975dac0e-c545-4af5-8666-61f8d8027392""","""75b5b731-fa8f-4f35-8e5f-af99eacc211c""",True,4.0,1.0
1543504660386801150,,4,,1543504660,386486048,'',"""/Estimator_1acd0a0f-b6dc-48ce-95a4-cbe4e9f750bd""","""915e742e-0a7a-4267-9290-8f9b02b1ca0b""",True,4.0,1.0
1543504660472500140,,2,,1543504660,472171834,'',"""/Estimator_1acd0a0f-b6dc-48ce-95a4-cbe4e9f750bd""","""5341b588-5556-4f2f-b66a-a145b54f0ead""",True,4.0,1.0
1543504661158401410,,5,,1543504661,158082443,'',"""/ViconBridge_975dac0e-c545-4af5-8666-61f8d8027392""","""b9267e2d-739e-42c9-9091-6cff37293bbc""",True,4.0,1.0
1543504661172195342,,2,,1543504661,171852258,'',"""/ViconBridge_975dac0e-c545-4af5-8666-61f8d8027392""","""75b5b731-fa8f-4f35-8e5f-af99eacc211c""",True,4.0,1.0
1543504661237774024,,6,,1543504661,237430063,'',"""/Safepilot_0f97316f-dbc3-4ea1-acab-280598633935""","""6b181b17-6232-476b-b70f-ee8313f9dc31""",True,4.0,1.0
1543504661278191146,,0,,1543504661,277897277,'',"""/Safepilot_0f97316f-dbc3-4ea1-acab-280598633935""","""06c5255f-79c8-472e-9d69-17d479ed8e1b""",True,4.0,1.0
1543504661386927926,,7,,1543504661,386417885,'',"""/Estimator_1acd0a0f-b6dc-48ce-95a4-cbe4e9f750bd""","""915e742e-0a7a-4267-9290-8f9b02b1ca0b""",True,4.0,1.0
1543504661472494285,,3,,1543504661,472171964,'',"""/Estimator_1acd0a0f-b6dc-48ce-95a4-cbe4e9f750bd""","""5341b588-5556-4f2f-b66a-a145b54f0ead""",True,4.0,1.0
1543504662158377655,,8,,1543504662,158089041,'',"""/ViconBridge_975dac0e-c545-4af5-8666-61f8d8027392""","""b9267e2d-739e-42c9-9091-6cff37293bbc""",True,4.0,1.0
1543504662172277374,,3,,1543504662,171884817,'',"""/ViconBridge_975dac0e-c545-4af5-8666-61f8d8027392""","""75b5b731-fa8f-4f35-8e5f-af99eacc211c""",True,4.0,1.0
1543504662237694943,,9,,1543504662,237385106,'',"""/Safepilot_0f97316f-dbc3-4ea1-acab-280598633935""","""6b181b17-6232-476b-b70f-ee8313f9dc31""",True,4.0,1.0
1543504662278051685,,1,,1543504662,277817903,'',"""/Safepilot_0f97316f-dbc3-4ea1-acab-280598633935""","""06c5255f-79c8-472e-9d69-17d479ed8e1b""",True,4.0,1.0
1543504662386779160,,10,,1543504662,386486657,'',"""/Estimator_1acd0a0f-b6dc-48ce-95a4-cbe4e9f750bd""","""915e742e-0a7a-4267-9290-8f9b02b1ca0b""",True,4.0,1.0
1543504662472475250,,4,,1543504662,472171865,'',"""/Estimator_1acd0a0f-b6dc-48ce-95a4-cbe4e9f750bd""","""5341b588-5556-4f2f-b66a-a145b54f0ead""",True,4.0,1.0
1543504663158415198,,11,,1543504663,158089631,'',"""/ViconBridge_975dac0e-c545-4af5-8666-61f8d8027392""","""b9267e2d-739e-42c9-9091-6cff37293bbc""",True,4.0,1.0
1543504663172197400,,4,,1543504663,171876314,'',"""/ViconBridge_975dac0e-c545-4af5-8666-61f8d8027392""","""75b5b731-fa8f-4f35-8e5f-af99eacc211c""",True,4.0,1.0
1543504663237666823,,12,,1543504663,237415244,'',"""/Safepilot_0f97316f-dbc3-4ea1-acab-280598633935""","""6b181b17-6232-476b-b70f-ee8313f9dc31""",True,4.0,1.0
1543504663278039936,,2,,1543504663,277793610,'',"""/Safepilot_0f97316f-dbc3-4ea1-acab-280598633935""","""06c5255f-79c8-472e-9d69-17d479ed8e1b""",True,4.0,1.0
1543504663386618110,,13,,1543504663,386381292,'',"""/Estimator_1acd0a0f-b6dc-48ce-95a4-cbe4e9f750bd""","""915e742e-0a7a-4267-9290-8f9b02b1ca0b""",True,4.0,1.0
1543504663472552765,,5,,1543504663,472232334,'',"""/Estimator_1acd0a0f-b6dc-48ce-95a4-cbe4e9f750bd""","""5341b588-5556-4f2f-b66a-a145b54f0ead""",True,4.0,1.0
1543504664158188619,,14,,1543504664,158024468,'',"""/ViconBridge_975dac0e-c545-4af5-8666-61f8d8027392""","""b9267e2d-739e-42c9-9091-6cff37293bbc""",True,4.0,1.0
1543504664172263159,,5,,1543504664,171969943,'',"""/ViconBridge_975dac0e-c545-4af5-8666-61f8d8027392""","""75b5b731-fa8f-4f35-8e5f-af99eacc211c""",True,4.0,1.0
1543504664237622758,,15,,1543504664,237396721,'',"""/Safepilot_0f97316f-dbc3-4ea1-acab-280598633935""","""6b181b17-6232-476b-b70f-ee8313f9dc31""",True,4.0,1.0
1543504664278187177,,3,,1543504664,277847818,'',"""/Safepilot_0f97316f-dbc3-4ea1-acab-280598633935""","""06c5255f-79c8-472e-9d69-17d479ed8e1b""",True,4.0,1.0
1543504664386577450,,16,,1543504664,386382354,'',"""/Estimator_1acd0a0f-b6dc-48ce-95a4-cbe4e9f750bd""","""915e742e-0a7a-4267-9290-8f9b02b1ca0b""",True,4.0,1.0
1543504664472412358,,6,,1543504664,472162957,'',"""/Estimator_1acd0a0f-b6dc-48ce-95a4-cbe4e9f750bd""","""5341b588-5556-4f2f-b66a-a145b54f0ead""",True,4.0,1.0
1543504665158441555,,17,,1543504665,158142021,'',"""/ViconBridge_975dac0e-c545-4af5-8666-61f8d8027392""","""b9267e2d-739e-42c9-9091-6cff37293bbc""",True,4.0,1.0
1543504665172351705,,6,,1543504665,171858277,'',"""/ViconBridge_975dac0e-c545-4af5-8666-61f8d8027392""","""75b5b731-fa8f-4f35-8e5f-af99eacc211c""",True,4.0,1.0
1543504665237674806,,18,,1543504665,237473392,'',"""/Safepilot_0f97316f-dbc3-4ea1-acab-280598633935""","""6b181b17-6232-476b-b70f-ee8313f9dc31""",True,4.0,1.0
1543504665278222630,,4,,1543504665,277849499,'',"""/Safepilot_0f97316f-dbc3-4ea1-acab-280598633935""","""06c5255f-79c8-472e-9d69-17d479ed8e1b""",True,4.0,1.0
1543504665386665809,,19,,1543504665,386406713,'',"""/Estimator_1acd0a0f-b6dc-48ce-95a4-cbe4e9f750bd""","""915e742e-0a7a-4267-9290-8f9b02b1ca0b""",True,4.0,1.0
1543504665472658953,,7,,1543504665,472187952,'',"""/Estimator_1acd0a0f-b6dc-48ce-95a4-cbe4e9f750bd""","""5341b588-5556-4f2f-b66a-a145b54f0ead""",True,4.0,1.0
1543504666158385612,,20,,1543504666,158083516,'',"""/ViconBridge_975dac0e-c545-4af5-8666-61f8d8027392""","""b9267e2d-739e-42c9-9091-6cff37293bbc""",True,4.0,1.0
1543504666172210600,,7,,1543504666,171870911,'',"""/ViconBridge_975dac0e-c545-4af5-8666-61f8d8027392""","""75b5b731-fa8f-4f35-8e5f-af99eacc211c""",True,4.0,1.0
1543504666237772431,,21,,1543504666,237390983,'',"""/Safepilot_0f97316f-dbc3-4ea1-acab-280598633935""","""6b181b17-6232-476b-b70f-ee8313f9dc31""",True,4.0,1.0
1543504666278231571,,5,,1543504666,277855162,'',"""/Safepilot_0f97316f-dbc3-4ea1-acab-280598633935""","""06c5255f-79c8-472e-9d69-17d479ed8e1b""",True,4.0,1.0
1543504666386783248,,22,,1543504666,386414708,'',"""/Estimator_1acd0a0f-b6dc-48ce-95a4-cbe4e9f750bd""","""915e742e-0a7a-4267-9290-8f9b02b1ca0b""",True,4.0,1.0
1543504666472429989,,8,,1543504666,472176952,'',"""/Estimator_1acd0a0f-b6dc-48ce-95a4-cbe4e9f750bd""","""5341b588-5556-4f2f-b66a-a145b54f0ead""",True,4.0,1.0
1543504667158479683,,23,,1543504667,158086967,'',"""/ViconBridge_975dac0e-c545-4af5-8666-61f8d8027392""","""b9267e2d-739e-42c9-9091-6cff37293bbc""",True,4.0,1.0
1543504667172353678,,8,,1543504667,171872324,'',"""/ViconBridge_975dac0e-c545-4af5-8666-61f8d8027392""","""75b5b731-fa8f-4f35-8e5f-af99eacc211c""",True,4.0,1.0
1543504667237760483,,24,,1543504667,237488488,'',"""/Safepilot_0f97316f-dbc3-4ea1-acab-280598633935""","""6b181b17-6232-476b-b70f-ee8313f9dc31""",True,4.0,1.0
1543504667278166801,,6,,1543504667,277875121,'',"""/Safepilot_0f97316f-dbc3-4ea1-acab-280598633935""","""06c5255f-79c8-472e-9d69-17d479ed8e1b""",True,4.0,1.0
1543504667386907282,,25,,1543504667,386479973,'',"""/Estimator_1acd0a0f-b6dc-48ce-95a4-cbe4e9f750bd""","""915e742e-0a7a-4267-9290-8f9b02b1ca0b""",True,4.0,1.0
1543504667472598891,,9,,1543504667,472190387,'',"""/Estimator_1acd0a0f-b6dc-48ce-95a4-cbe4e9f750bd""","""5341b588-5556-4f2f-b66a-a145b54f0ead""",True,4.0,1.0
1543504668158296900,,26,,1543504668,158068314,'',"""/ViconBridge_975dac0e-c545-4af5-8666-61f8d8027392""","""b9267e2d-739e-42c9-9091-6cff37293bbc""",True,4.0,1.0
1543504668172456066,,9,,1543504668,171873694,'',"""/ViconBridge_975dac0e-c545-4af5-8666-61f8d8027392""","""75b5b731-fa8f-4f35-8e5f-af99eacc211c""",True,4.0,1.0
1543504668237672673,,27,,1543504668,237397826,'',"""/Safepilot_0f97316f-dbc3-4ea1-acab-280598633935""","""6b181b17-6232-476b-b70f-ee8313f9dc31""",True,4.0,1.0
1543504668278168123,,7,,1543504668,277836604,'',"""/Safepilot_0f97316f-dbc3-4ea1-acab-280598633935""","""06c5255f-79c8-472e-9d69-17d479ed8e1b""",True,4.0,1.0
1543504668386820798,,28,,1543504668,386528247,'',"""/Estimator_1acd0a0f-b6dc-48ce-95a4-cbe4e9f750bd""","""915e742e-0a7a-4267-9290-8f9b02b1ca0b""",True,4.0,1.0
1543504668472471438,,10,,1543504668,472237606,'',"""/Estimator_1acd0a0f-b6dc-48ce-95a4-cbe4e9f750bd""","""5341b588-5556-4f2f-b66a-a145b54f0ead""",True,4.0,1.0
1543504669158633140,,29,,1543504669,158083275,'',"""/ViconBridge_975dac0e-c545-4af5-8666-61f8d8027392""","""b9267e2d-739e-42c9-9091-6cff37293bbc""",True,4.0,1.0
1543504669172314470,,10,,1543504669,171864551,'',"""/ViconBridge_975dac0e-c545-4af5-8666-61f8d8027392""","""75b5b731-fa8f-4f35-8e5f-af99eacc211c""",True,4.0,1.0
1543504669237655910,,30,,1543504669,237413164,'',"""/Safepilot_0f97316f-dbc3-4ea1-acab-280598633935""","""6b181b17-6232-476b-b70f-ee8313f9dc31""",True,4.0,1.0
1543504669278303328,,8,,1543504669,277872746,'',"""/Safepilot_0f97316f-dbc3-4ea1-acab-280598633935""","""06c5255f-79c8-472e-9d69-17d479ed8e1b""",True,4.0,1.0
1543504669386805131,,31,,1543504669,386525441,'',"""/Estimator_1acd0a0f-b6dc-48ce-95a4-cbe4e9f750bd""","""915e742e-0a7a-4267-9290-8f9b02b1ca0b""",True,4.0,1.0
1543504669472419150,,11,,1543504669,472171489,'',"""/Estimator_1acd0a0f-b6dc-48ce-95a4-cbe4e9f750bd""","""5341b588-5556-4f2f-b66a-a145b54f0ead""",True,4.0,1.0
1543504670158497612,,32,,1543504670,158095993,'',"""/ViconBridge_975dac0e-c545-4af5-8666-61f8d8027392""","""b9267e2d-739e-42c9-9091-6cff37293bbc""",True,4.0,1.0
1543504670172448262,,11,,1543504670,171862235,'',"""/ViconBridge_975dac0e-c545-4af5-8666-61f8d8027392""","""75b5b731-fa8f-4f35-8e5f-af99eacc211c""",True,4.0,1.0
1543504670237628560,,33,,1543504670,237394371,'',"""/Safepilot_0f97316f-dbc3-4ea1-acab-280598633935""","""6b181b17-6232-476b-b70f-ee8313f9dc31""",True,4.0,1.0
1543504670278134344,,9,,1543504670,277853260,'',"""/Safepilot_0f97316f-dbc3-4ea1-acab-280598633935""","""06c5255f-79c8-472e-9d69-17d479ed8e1b""",True,4.0,1.0
1543504670386768714,,34,,1543504670,386477214,'',"""/Estimator_1acd0a0f-b6dc-48ce-95a4-cbe4e9f750bd""","""915e742e-0a7a-4267-9290-8f9b02b1ca0b""",True,4.0,1.0
1543504670472473429,,12,,1543504670,472174785,'',"""/Estimator_1acd0a0f-b6dc-48ce-95a4-cbe4e9f750bd""","""5341b588-5556-4f2f-b66a-a145b54f0ead""",True,4.0,1.0
1543504671158654192,,35,,1543504671,158086621,'',"""/ViconBridge_975dac0e-c545-4af5-8666-61f8d8027392""","""b9267e2d-739e-42c9-9091-6cff37293bbc""",True,4.0,1.0
1543504671172189695,,12,,1543504671,171870450,'',"""/ViconBridge_975dac0e-c545-4af5-8666-61f8d8027392""","""75b5b731-fa8f-4f35-8e5f-af99eacc211c""",True,4.0,1.0
1543504671237702841,,36,,1543504671,237396134,'',"""/Safepilot_0f97316f-dbc3-4ea1-acab-280598633935""","""6b181b17-6232-476b-b70f-ee8313f9dc31""",True,4.0,1.0
1543504671278131707,,10,,1543504671,277831144,'',"""/Safepilot_0f97316f-dbc3-4ea1-acab-280598633935""","""06c5255f-79c8-472e-9d69-17d479ed8e1b""",True,4.0,1.0
1543504671386866927,,37,,1543504671,386442956,'',"""/Estimator_1acd0a0f-b6dc-48ce-95a4-cbe4e9f750bd""","""915e742e-0a7a-4267-9290-8f9b02b1ca0b""",True,4.0,1.0
1543504671472513412,,13,,1543504671,472189541,'',"""/Estimator_1acd0a0f-b6dc-48ce-95a4-cbe4e9f750bd""","""5341b588-5556-4f2f-b66a-a145b54f0ead""",True,4.0,1.0
1543504672158439809,,38,,1543504672,158089866,'',"""/ViconBridge_975dac0e-c545-4af5-8666-61f8d8027392""","""b9267e2d-739e-42c9-9091-6cff37293bbc""",True,4.0,1.0
1543504672172359956,,13,,1543504672,171907958,'',"""/ViconBridge_975dac0e-c545-4af5-8666-61f8d8027392""","""75b5b731-fa8f-4f35-8e5f-af99eacc211c""",True,4.0,1.0
1543504672238287081,,39,,1543504672,237394029,'',"""/Safepilot_0f97316f-dbc3-4ea1-acab-280598633935""","""6b181b17-6232-476b-b70f-ee8313f9dc31""",True,4.0,1.0
1543504672278127961,,11,,1543504672,277809835,'',"""/Safepilot_0f97316f-dbc3-4ea1-acab-280598633935""","""06c5255f-79c8-472e-9d69-17d479ed8e1b""",True,4.0,1.0
1543504672386647104,,40,,1543504672,386402335,'',"""/Estimator_1acd0a0f-b6dc-48ce-95a4-cbe4e9f750bd""","""915e742e-0a7a-4267-9290-8f9b02b1ca0b""",True,4.0,1.0
1543504672472477923,,14,,1543504672,472195555,'',"""/Estimator_1acd0a0f-b6dc-48ce-95a4-cbe4e9f750bd""","""5341b588-5556-4f2f-b66a-a145b54f0ead""",True,4.0,1.0
1543504673158317465,,41,,1543504673,158059375,'',"""/ViconBridge_975dac0e-c545-4af5-8666-61f8d8027392""","""b9267e2d-739e-42c9-9091-6cff37293bbc""",True,4.0,1.0
1543504673172222595,,14,,1543504673,171865675,'',"""/ViconBridge_975dac0e-c545-4af5-8666-61f8d8027392""","""75b5b731-fa8f-4f35-8e5f-af99eacc211c""",True,4.0,1.0
1543504673237608822,,42,,1543504673,237386288,'',"""/Safepilot_0f97316f-dbc3-4ea1-acab-280598633935""","""6b181b17-6232-476b-b70f-ee8313f9dc31""",True,4.0,1.0
1543504673278254045,,12,,1543504673,277822519,'',"""/Safepilot_0f97316f-dbc3-4ea1-acab-280598633935""","""06c5255f-79c8-472e-9d69-17d479ed8e1b""",True,4.0,1.0
1543504673386632043,,43,,1543504673,386355558,'',"""/Estimator_1acd0a0f-b6dc-48ce-95a4-cbe4e9f750bd""","""915e742e-0a7a-4267-9290-8f9b02b1ca0b""",True,4.0,1.0
1543504673472577909,,15,,1543504673,472185187,'',"""/Estimator_1acd0a0f-b6dc-48ce-95a4-cbe4e9f750bd""","""5341b588-5556-4f2f-b66a-a145b54f0ead""",True,4.0,1.0
1543504674158369312,,44,,1543504674,158079771,'',"""/ViconBridge_975dac0e-c545-4af5-8666-61f8d8027392""","""b9267e2d-739e-42c9-9091-6cff37293bbc""",True,4.0,1.0
1543504674172383053,,15,,1543504674,171860963,'',"""/ViconBridge_975dac0e-c545-4af5-8666-61f8d8027392""","""75b5b731-fa8f-4f35-8e5f-af99eacc211c""",True,4.0,1.0
1543504674237665800,,45,,1543504674,237393843,'',"""/Safepilot_0f97316f-dbc3-4ea1-acab-280598633935""","""6b181b17-6232-476b-b70f-ee8313f9dc31""",True,4.0,1.0
1543504674278198950,,13,,1543504674,277856293,'',"""/Safepilot_0f97316f-dbc3-4ea1-acab-280598633935""","""06c5255f-79c8-472e-9d69-17d479ed8e1b""",True,4.0,1.0
1543504674386859706,,46,,1543504674,386441906,'',"""/Estimator_1acd0a0f-b6dc-48ce-95a4-cbe4e9f750bd""","""915e742e-0a7a-4267-9290-8f9b02b1ca0b""",True,4.0,1.0
1543504674472428169,,16,,1543504674,472202900,'',"""/Estimator_1acd0a0f-b6dc-48ce-95a4-cbe4e9f750bd""","""5341b588-5556-4f2f-b66a-a145b54f0ead""",True,4.0,1.0
1543504675158500975,,47,,1543504675,158089069,'',"""/ViconBridge_975dac0e-c545-4af5-8666-61f8d8027392""","""b9267e2d-739e-42c9-9091-6cff37293bbc""",True,4.0,1.0
1543504675172283648,,16,,1543504675,171859119,'',"""/ViconBridge_975dac0e-c545-4af5-8666-61f8d8027392""","""75b5b731-fa8f-4f35-8e5f-af99eacc211c""",True,4.0,1.0
1543504675237757479,,48,,1543504675,237481349,'',"""/Safepilot_0f97316f-dbc3-4ea1-acab-280598633935""","""6b181b17-6232-476b-b70f-ee8313f9dc31""",True,4.0,1.0
1543504675278268472,,14,,1543504675,277855730,'',"""/Safepilot_0f97316f-dbc3-4ea1-acab-280598633935""","""06c5255f-79c8-472e-9d69-17d479ed8e1b""",True,4.0,1.0
1543504675386657753,,49,,1543504675,386390891,'',"""/Estimator_1acd0a0f-b6dc-48ce-95a4-cbe4e9f750bd""","""915e742e-0a7a-4267-9290-8f9b02b1ca0b""",True,4.0,1.0
1543504675472521435,,17,,1543504675,472201369,'',"""/Estimator_1acd0a0f-b6dc-48ce-95a4-cbe4e9f750bd""","""5341b588-5556-4f2f-b66a-a145b54f0ead""",True,4.0,1.0
1543504676158322337,,50,,1543504676,158066730,'',"""/ViconBridge_975dac0e-c545-4af5-8666-61f8d8027392""","""b9267e2d-739e-42c9-9091-6cff37293bbc""",True,4.0,1.0
1543504676172306171,,17,,1543504676,171862950,'',"""/ViconBridge_975dac0e-c545-4af5-8666-61f8d8027392""","""75b5b731-fa8f-4f35-8e5f-af99eacc211c""",True,4.0,1.0
1543504676237796320,,51,,1543504676,237454631,'',"""/Safepilot_0f97316f-dbc3-4ea1-acab-280598633935""","""6b181b17-6232-476b-b70f-ee8313f9dc31""",True,4.0,1.0
1543504676278205070,,15,,1543504676,277841548,'',"""/Safepilot_0f97316f-dbc3-4ea1-acab-280598633935""","""06c5255f-79c8-472e-9d69-17d479ed8e1b""",True,4.0,1.0
1543504676386757055,,52,,1543504676,386430463,'',"""/Estimator_1acd0a0f-b6dc-48ce-95a4-cbe4e9f750bd""","""915e742e-0a7a-4267-9290-8f9b02b1ca0b""",True,4.0,1.0
1543504676472634431,,18,,1543504676,472193718,'',"""/Estimator_1acd0a0f-b6dc-48ce-95a4-cbe4e9f750bd""","""5341b588-5556-4f2f-b66a-a145b54f0ead""",True,4.0,1.0
1543504677158418131,,53,,1543504677,158092962,'',"""/ViconBridge_975dac0e-c545-4af5-8666-61f8d8027392""","""b9267e2d-739e-42c9-9091-6cff37293bbc""",True,4.0,1.0
1543504677172345717,,18,,1543504677,171872552,'',"""/ViconBridge_975dac0e-c545-4af5-8666-61f8d8027392""","""75b5b731-fa8f-4f35-8e5f-af99eacc211c""",True,4.0,1.0
1543504677239341761,,54,,1543504677,238747442,'',"""/Safepilot_0f97316f-dbc3-4ea1-acab-280598633935""","""6b181b17-6232-476b-b70f-ee8313f9dc31""",True,4.0,1.0
1543504677278148344,,16,,1543504677,277819816,'',"""/Safepilot_0f97316f-dbc3-4ea1-acab-280598633935""","""06c5255f-79c8-472e-9d69-17d479ed8e1b""",True,4.0,1.0
1543504677386681479,,55,,1543504677,386443749,'',"""/Estimator_1acd0a0f-b6dc-48ce-95a4-cbe4e9f750bd""","""915e742e-0a7a-4267-9290-8f9b02b1ca0b""",True,4.0,1.0
1543504677472452093,,19,,1543504677,472176913,'',"""/Estimator_1acd0a0f-b6dc-48ce-95a4-cbe4e9f750bd""","""5341b588-5556-4f2f-b66a-a145b54f0ead""",True,4.0,1.0
1543504678158284473,,56,,1543504678,158035387,'',"""/ViconBridge_975dac0e-c545-4af5-8666-61f8d8027392""","""b9267e2d-739e-42c9-9091-6cff37293bbc""",True,4.0,1.0
1543504678172345803,,19,,1543504678,171914793,'',"""/ViconBridge_975dac0e-c545-4af5-8666-61f8d8027392""","""75b5b731-fa8f-4f35-8e5f-af99eacc211c""",True,4.0,1.0
1543504678237920952,,57,,1543504678,237583341,'',"""/Safepilot_0f97316f-dbc3-4ea1-acab-280598633935""","""6b181b17-6232-476b-b70f-ee8313f9dc31""",True,4.0,1.0
1543504678278260080,,17,,1543504678,277844083,'',"""/Safepilot_0f97316f-dbc3-4ea1-acab-280598633935""","""06c5255f-79c8-472e-9d69-17d479ed8e1b""",True,4.0,1.0
1543504678386818006,,58,,1543504678,386437673,'',"""/Estimator_1acd0a0f-b6dc-48ce-95a4-cbe4e9f750bd""","""915e742e-0a7a-4267-9290-8f9b02b1ca0b""",True,4.0,1.0
1543504678472619244,,20,,1543504678,472231578,'',"""/Estimator_1acd0a0f-b6dc-48ce-95a4-cbe4e9f750bd""","""5341b588-5556-4f2f-b66a-a145b54f0ead""",True,4.0,1.0
1543504679158394434,,59,,1543504679,158090376,'',"""/ViconBridge_975dac0e-c545-4af5-8666-61f8d8027392""","""b9267e2d-739e-42c9-9091-6cff37293bbc""",True,4.0,1.0
1543504679172240907,,20,,1543504679,171944696,'',"""/ViconBridge_975dac0e-c545-4af5-8666-61f8d8027392""","""75b5b731-fa8f-4f35-8e5f-af99eacc211c""",True,4.0,1.0
1543504679237637821,,60,,1543504679,237414994,'',"""/Safepilot_0f97316f-dbc3-4ea1-acab-280598633935""","""6b181b17-6232-476b-b70f-ee8313f9dc31""",True,4.0,1.0
1543504679278179144,,18,,1543504679,277838706,'',"""/Safepilot_0f97316f-dbc3-4ea1-acab-280598633935""","""06c5255f-79c8-472e-9d69-17d479ed8e1b""",True,4.0,1.0
1543504679386767200,,61,,1543504679,386441608,'',"""/Estimator_1acd0a0f-b6dc-48ce-95a4-cbe4e9f750bd""","""915e742e-0a7a-4267-9290-8f9b02b1ca0b""",True,4.0,1.0
1543504679472475978,,21,,1543504679,472182462,'',"""/Estimator_1acd0a0f-b6dc-48ce-95a4-cbe4e9f750bd""","""5341b588-5556-4f2f-b66a-a145b54f0ead""",True,4.0,1.0
1543504680158423135,,62,,1543504680,158088805,'',"""/ViconBridge_975dac0e-c545-4af5-8666-61f8d8027392""","""b9267e2d-739e-42c9-9091-6cff37293bbc""",True,4.0,1.0
1543504680172209209,,21,,1543504680,171890958,'',"""/ViconBridge_975dac0e-c545-4af5-8666-61f8d8027392""","""75b5b731-fa8f-4f35-8e5f-af99eacc211c""",True,4.0,1.0
1543504680237958259,,63,,1543504680,237400803,'',"""/Safepilot_0f97316f-dbc3-4ea1-acab-280598633935""","""6b181b17-6232-476b-b70f-ee8313f9dc31""",True,4.0,1.0
1543504680278204861,,19,,1543504680,277826761,'',"""/Safepilot_0f97316f-dbc3-4ea1-acab-280598633935""","""06c5255f-79c8-472e-9d69-17d479ed8e1b""",True,4.0,1.0
1543504680386709561,,64,,1543504680,386431356,'',"""/Estimator_1acd0a0f-b6dc-48ce-95a4-cbe4e9f750bd""","""915e742e-0a7a-4267-9290-8f9b02b1ca0b""",True,4.0,1.0
1543504680472558762,,22,,1543504680,472222156,'',"""/Estimator_1acd0a0f-b6dc-48ce-95a4-cbe4e9f750bd""","""5341b588-5556-4f2f-b66a-a145b54f0ead""",True,4.0,1.0
1543504681158428980,,65,,1543504681,158061585,'',"""/ViconBridge_975dac0e-c545-4af5-8666-61f8d8027392""","""b9267e2d-739e-42c9-9091-6cff37293bbc""",True,4.0,1.0
1543504681172256551,,22,,1543504681,171903684,'',"""/ViconBridge_975dac0e-c545-4af5-8666-61f8d8027392""","""75b5b731-fa8f-4f35-8e5f-af99eacc211c""",True,4.0,1.0
1543504681237632936,,66,,1543504681,237391440,'',"""/Safepilot_0f97316f-dbc3-4ea1-acab-280598633935""","""6b181b17-6232-476b-b70f-ee8313f9dc31""",True,4.0,1.0
1543504681278191888,,20,,1543504681,277823798,'',"""/Safepilot_0f97316f-dbc3-4ea1-acab-280598633935""","""06c5255f-79c8-472e-9d69-17d479ed8e1b""",True,4.0,1.0
1543504681386736664,,67,,1543504681,386456907,'',"""/Estimator_1acd0a0f-b6dc-48ce-95a4-cbe4e9f750bd""","""915e742e-0a7a-4267-9290-8f9b02b1ca0b""",True,4.0,1.0
1543504681472410908,,23,,1543504681,472156236,'',"""/Estimator_1acd0a0f-b6dc-48ce-95a4-cbe4e9f750bd""","""5341b588-5556-4f2f-b66a-a145b54f0ead""",True,4.0,1.0
1543504682158342385,,68,,1543504682,158084863,'',"""/ViconBridge_975dac0e-c545-4af5-8666-61f8d8027392""","""b9267e2d-739e-42c9-9091-6cff37293bbc""",True,4.0,1.0
1543504682172202735,,23,,1543504682,171882393,'',"""/ViconBridge_975dac0e-c545-4af5-8666-61f8d8027392""","""75b5b731-fa8f-4f35-8e5f-af99eacc211c""",True,4.0,1.0
1543504682237888782,,69,,1543504682,237393471,'',"""/Safepilot_0f97316f-dbc3-4ea1-acab-280598633935""","""6b181b17-6232-476b-b70f-ee8313f9dc31""",True,4.0,1.0
1543504682278093531,,21,,1543504682,277823336,'',"""/Safepilot_0f97316f-dbc3-4ea1-acab-280598633935""","""06c5255f-79c8-472e-9d69-17d479ed8e1b""",True,4.0,1.0
1543504682386797671,,70,,1543504682,386408344,'',"""/Estimator_1acd0a0f-b6dc-48ce-95a4-cbe4e9f750bd""","""915e742e-0a7a-4267-9290-8f9b02b1ca0b""",True,4.0,1.0
1543504682472520673,,24,,1543504682,472166561,'',"""/Estimator_1acd0a0f-b6dc-48ce-95a4-cbe4e9f750bd""","""5341b588-5556-4f2f-b66a-a145b54f0ead""",True,4.0,1.0
1543504683158356497,,71,,1543504683,158048200,'',"""/ViconBridge_975dac0e-c545-4af5-8666-61f8d8027392""","""b9267e2d-739e-42c9-9091-6cff37293bbc""",True,4.0,1.0
1543504683172217491,,24,,1543504683,171882922,'',"""/ViconBridge_975dac0e-c545-4af5-8666-61f8d8027392""","""75b5b731-fa8f-4f35-8e5f-af99eacc211c""",True,4.0,1.0
1543504683238119994,,72,,1543504683,237515545,'',"""/Safepilot_0f97316f-dbc3-4ea1-acab-280598633935""","""6b181b17-6232-476b-b70f-ee8313f9dc31""",True,4.0,1.0
1543504683278096871,,22,,1543504683,277847846,'',"""/Safepilot_0f97316f-dbc3-4ea1-acab-280598633935""","""06c5255f-79c8-472e-9d69-17d479ed8e1b""",True,4.0,1.0
1543504683386692489,,73,,1543504683,386411305,'',"""/Estimator_1acd0a0f-b6dc-48ce-95a4-cbe4e9f750bd""","""915e742e-0a7a-4267-9290-8f9b02b1ca0b""",True,4.0,1.0
1543504683472631084,,25,,1543504683,472208688,'',"""/Estimator_1acd0a0f-b6dc-48ce-95a4-cbe4e9f750bd""","""5341b588-5556-4f2f-b66a-a145b54f0ead""",True,4.0,1.0
1543504684158491933,,74,,1543504684,158042374,'',"""/ViconBridge_975dac0e-c545-4af5-8666-61f8d8027392""","""b9267e2d-739e-42c9-9091-6cff37293bbc""",True,4.0,1.0
1543504684172339335,,25,,1543504684,171950854,'',"""/ViconBridge_975dac0e-c545-4af5-8666-61f8d8027392""","""75b5b731-fa8f-4f35-8e5f-af99eacc211c""",True,4.0,1.0
1543504684237696721,,75,,1543504684,237396405,'',"""/Safepilot_0f97316f-dbc3-4ea1-acab-280598633935""","""6b181b17-6232-476b-b70f-ee8313f9dc31""",True,4.0,1.0
1543504684278133267,,23,,1543504684,277803117,'',"""/Safepilot_0f97316f-dbc3-4ea1-acab-280598633935""","""06c5255f-79c8-472e-9d69-17d479ed8e1b""",True,4.0,1.0
1543504684386615439,,76,,1543504684,386394118,'',"""/Estimator_1acd0a0f-b6dc-48ce-95a4-cbe4e9f750bd""","""915e742e-0a7a-4267-9290-8f9b02b1ca0b""",True,4.0,1.0
1543504684472547445,,26,,1543504684,472181813,'',"""/Estimator_1acd0a0f-b6dc-48ce-95a4-cbe4e9f750bd""","""5341b588-5556-4f2f-b66a-a145b54f0ead""",True,4.0,1.0
1543504685158285092,,77,,1543504685,158054795,'',"""/ViconBridge_975dac0e-c545-4af5-8666-61f8d8027392""","""b9267e2d-739e-42c9-9091-6cff37293bbc""",True,4.0,1.0
1543504685172260000,,26,,1543504685,171862965,'',"""/ViconBridge_975dac0e-c545-4af5-8666-61f8d8027392""","""75b5b731-fa8f-4f35-8e5f-af99eacc211c""",True,4.0,1.0
1543504685237770807,,78,,1543504685,237510511,'',"""/Safepilot_0f97316f-dbc3-4ea1-acab-280598633935""","""6b181b17-6232-476b-b70f-ee8313f9dc31""",True,4.0,1.0
1543504685278121211,,24,,1543504685,277813291,'',"""/Safepilot_0f97316f-dbc3-4ea1-acab-280598633935""","""06c5255f-79c8-472e-9d69-17d479ed8e1b""",True,4.0,1.0
1543504685386719365,,79,,1543504685,386431199,'',"""/Estimator_1acd0a0f-b6dc-48ce-95a4-cbe4e9f750bd""","""915e742e-0a7a-4267-9290-8f9b02b1ca0b""",True,4.0,1.0
1543504685472547641,,27,,1543504685,472190348,'',"""/Estimator_1acd0a0f-b6dc-48ce-95a4-cbe4e9f750bd""","""5341b588-5556-4f2f-b66a-a145b54f0ead""",True,4.0,1.0
1543504686158465223,,80,,1543504686,158068289,'',"""/ViconBridge_975dac0e-c545-4af5-8666-61f8d8027392""","""b9267e2d-739e-42c9-9091-6cff37293bbc""",True,4.0,1.0
1543504686172208097,,27,,1543504686,171894163,'',"""/ViconBridge_975dac0e-c545-4af5-8666-61f8d8027392""","""75b5b731-fa8f-4f35-8e5f-af99eacc211c""",True,4.0,1.0
1543504686237804147,,81,,1543504686,237397899,'',"""/Safepilot_0f97316f-dbc3-4ea1-acab-280598633935""","""6b181b17-6232-476b-b70f-ee8313f9dc31""",True,4.0,1.0
1543504686278107758,,25,,1543504686,277814850,'',"""/Safepilot_0f97316f-dbc3-4ea1-acab-280598633935""","""06c5255f-79c8-472e-9d69-17d479ed8e1b""",True,4.0,1.0
1543504686386611261,,82,,1543504686,386391975,'',"""/Estimator_1acd0a0f-b6dc-48ce-95a4-cbe4e9f750bd""","""915e742e-0a7a-4267-9290-8f9b02b1ca0b""",True,4.0,1.0
1543504686472441387,,28,,1543504686,472188601,'',"""/Estimator_1acd0a0f-b6dc-48ce-95a4-cbe4e9f750bd""","""5341b588-5556-4f2f-b66a-a145b54f0ead""",True,4.0,1.0
1543504687158425909,,83,,1543504687,158056984,'',"""/ViconBridge_975dac0e-c545-4af5-8666-61f8d8027392""","""b9267e2d-739e-42c9-9091-6cff37293bbc""",True,4.0,1.0
1543504687172231136,,28,,1543504687,171885019,'',"""/ViconBridge_975dac0e-c545-4af5-8666-61f8d8027392""","""75b5b731-fa8f-4f35-8e5f-af99eacc211c""",True,4.0,1.0
1543504687237666853,,84,,1543504687,237393292,'',"""/Safepilot_0f97316f-dbc3-4ea1-acab-280598633935""","""6b181b17-6232-476b-b70f-ee8313f9dc31""",True,4.0,1.0
1543504687278219871,,26,,1543504687,277821044,'',"""/Safepilot_0f97316f-dbc3-4ea1-acab-280598633935""","""06c5255f-79c8-472e-9d69-17d479ed8e1b""",True,4.0,1.0
1543504687386712745,,85,,1543504687,386433827,'',"""/Estimator_1acd0a0f-b6dc-48ce-95a4-cbe4e9f750bd""","""915e742e-0a7a-4267-9290-8f9b02b1ca0b""",True,4.0,1.0
1543504687472568522,,29,,1543504687,472296174,'',"""/Estimator_1acd0a0f-b6dc-48ce-95a4-cbe4e9f750bd""","""5341b588-5556-4f2f-b66a-a145b54f0ead""",True,4.0,1.0
1543504688158329022,,86,,1543504688,158035311,'',"""/ViconBridge_975dac0e-c545-4af5-8666-61f8d8027392""","""b9267e2d-739e-42c9-9091-6cff37293bbc""",True,4.0,1.0
1543504688172279879,,29,,1543504688,171876944,'',"""/ViconBridge_975dac0e-c545-4af5-8666-61f8d8027392""","""75b5b731-fa8f-4f35-8e5f-af99eacc211c""",True,4.0,1.0
1543504688237894899,,87,,1543504688,237489979,'',"""/Safepilot_0f97316f-dbc3-4ea1-acab-280598633935""","""6b181b17-6232-476b-b70f-ee8313f9dc31""",True,4.0,1.0
1543504688278159312,,27,,1543504688,277810553,'',"""/Safepilot_0f97316f-dbc3-4ea1-acab-280598633935""","""06c5255f-79c8-472e-9d69-17d479ed8e1b""",True,4.0,1.0
1543504688386735795,,88,,1543504688,386433011,'',"""/Estimator_1acd0a0f-b6dc-48ce-95a4-cbe4e9f750bd""","""915e742e-0a7a-4267-9290-8f9b02b1ca0b""",True,4.0,1.0
1543504688472516415,,30,,1543504688,472189480,'',"""/Estimator_1acd0a0f-b6dc-48ce-95a4-cbe4e9f750bd""","""5341b588-5556-4f2f-b66a-a145b54f0ead""",True,4.0,1.0
1543504689158406475,,89,,1543504689,158095797,'',"""/ViconBridge_975dac0e-c545-4af5-8666-61f8d8027392""","""b9267e2d-739e-42c9-9091-6cff37293bbc""",True,4.0,1.0
1543504689172495195,,30,,1543504689,171966534,'',"""/ViconBridge_975dac0e-c545-4af5-8666-61f8d8027392""","""75b5b731-fa8f-4f35-8e5f-af99eacc211c""",True,4.0,1.0
1543504689237833629,,90,,1543504689,237578692,'',"""/Safepilot_0f97316f-dbc3-4ea1-acab-280598633935""","""6b181b17-6232-476b-b70f-ee8313f9dc31""",True,4.0,1.0
1543504689278141980,,28,,1543504689,277818713,'',"""/Safepilot_0f97316f-dbc3-4ea1-acab-280598633935""","""06c5255f-79c8-472e-9d69-17d479ed8e1b""",True,4.0,1.0
1543504689386845979,,91,,1543504689,386434725,'',"""/Estimator_1acd0a0f-b6dc-48ce-95a4-cbe4e9f750bd""","""915e742e-0a7a-4267-9290-8f9b02b1ca0b""",True,4.0,1.0
1543504689472760943,,31,,1543504689,472284444,'',"""/Estimator_1acd0a0f-b6dc-48ce-95a4-cbe4e9f750bd""","""5341b588-5556-4f2f-b66a-a145b54f0ead""",True,4.0,1.0
1543504690158430413,,92,,1543504690,158053984,'',"""/ViconBridge_975dac0e-c545-4af5-8666-61f8d8027392""","""b9267e2d-739e-42c9-9091-6cff37293bbc""",True,4.0,1.0
1543504690172246370,,31,,1543504690,171901132,'',"""/ViconBridge_975dac0e-c545-4af5-8666-61f8d8027392""","""75b5b731-fa8f-4f35-8e5f-af99eacc211c""",True,4.0,1.0
1543504690237790263,,93,,1543504690,237415115,'',"""/Safepilot_0f97316f-dbc3-4ea1-acab-280598633935""","""6b181b17-6232-476b-b70f-ee8313f9dc31""",True,4.0,1.0
1543504690278226124,,29,,1543504690,277818185,'',"""/Safepilot_0f97316f-dbc3-4ea1-acab-280598633935""","""06c5255f-79c8-472e-9d69-17d479ed8e1b""",True,4.0,1.0
1543504690386668043,,94,,1543504690,386376351,'',"""/Estimator_1acd0a0f-b6dc-48ce-95a4-cbe4e9f750bd""","""915e742e-0a7a-4267-9290-8f9b02b1ca0b""",True,4.0,1.0
1543504690472420046,,32,,1543504690,472171948,'',"""/Estimator_1acd0a0f-b6dc-48ce-95a4-cbe4e9f750bd""","""5341b588-5556-4f2f-b66a-a145b54f0ead""",True,4.0,1.0
1543504691158379024,,95,,1543504691,158063684,'',"""/ViconBridge_975dac0e-c545-4af5-8666-61f8d8027392""","""b9267e2d-739e-42c9-9091-6cff37293bbc""",True,4.0,1.0
1543504691172245148,,32,,1543504691,171920611,'',"""/ViconBridge_975dac0e-c545-4af5-8666-61f8d8027392""","""75b5b731-fa8f-4f35-8e5f-af99eacc211c""",True,4.0,1.0
1543504691238141389,,96,,1543504691,237832002,'',"""/Safepilot_0f97316f-dbc3-4ea1-acab-280598633935""","""6b181b17-6232-476b-b70f-ee8313f9dc31""",True,4.0,1.0
1543504691278141408,,30,,1543504691,277828237,'',"""/Safepilot_0f97316f-dbc3-4ea1-acab-280598633935""","""06c5255f-79c8-472e-9d69-17d479ed8e1b""",True,4.0,1.0
1543504691386656145,,97,,1543504691,386382896,'',"""/Estimator_1acd0a0f-b6dc-48ce-95a4-cbe4e9f750bd""","""915e742e-0a7a-4267-9290-8f9b02b1ca0b""",True,4.0,1.0
1543504691472427389,,33,,1543504691,472180388,'',"""/Estimator_1acd0a0f-b6dc-48ce-95a4-cbe4e9f750bd""","""5341b588-5556-4f2f-b66a-a145b54f0ead""",True,4.0,1.0
1543504692158433338,,98,,1543504692,158094029,'',"""/ViconBridge_975dac0e-c545-4af5-8666-61f8d8027392""","""b9267e2d-739e-42c9-9091-6cff37293bbc""",True,4.0,1.0
1543504692172313266,,33,,1543504692,171905053,'',"""/ViconBridge_975dac0e-c545-4af5-8666-61f8d8027392""","""75b5b731-fa8f-4f35-8e5f-af99eacc211c""",True,4.0,1.0
1543504692238123967,,99,,1543504692,237393437,'',"""/Safepilot_0f97316f-dbc3-4ea1-acab-280598633935""","""6b181b17-6232-476b-b70f-ee8313f9dc31""",True,4.0,1.0
1543504692278097247,,31,,1543504692,277821302,'',"""/Safepilot_0f97316f-dbc3-4ea1-acab-280598633935""","""06c5255f-79c8-472e-9d69-17d479ed8e1b""",True,4.0,1.0
1543504692386739647,,100,,1543504692,386447910,'',"""/Estimator_1acd0a0f-b6dc-48ce-95a4-cbe4e9f750bd""","""915e742e-0a7a-4267-9290-8f9b02b1ca0b""",True,4.0,1.0
1543504692472554853,,34,,1543504692,472250589,'',"""/Estimator_1acd0a0f-b6dc-48ce-95a4-cbe4e9f750bd""","""5341b588-5556-4f2f-b66a-a145b54f0ead""",True,4.0,1.0
1543504693158386040,,101,,1543504693,158086397,'',"""/ViconBridge_975dac0e-c545-4af5-8666-61f8d8027392""","""b9267e2d-739e-42c9-9091-6cff37293bbc""",True,4.0,1.0
1543504693172244479,,34,,1543504693,171886986,'',"""/ViconBridge_975dac0e-c545-4af5-8666-61f8d8027392""","""75b5b731-fa8f-4f35-8e5f-af99eacc211c""",True,4.0,1.0
1543504693237697869,,102,,1543504693,237403715,'',"""/Safepilot_0f97316f-dbc3-4ea1-acab-280598633935""","""6b181b17-6232-476b-b70f-ee8313f9dc31""",True,4.0,1.0
1543504693278190572,,32,,1543504693,277840070,'',"""/Safepilot_0f97316f-dbc3-4ea1-acab-280598633935""","""06c5255f-79c8-472e-9d69-17d479ed8e1b""",True,4.0,1.0
1543504693386758285,,103,,1543504693,386428731,'',"""/Estimator_1acd0a0f-b6dc-48ce-95a4-cbe4e9f750bd""","""915e742e-0a7a-4267-9290-8f9b02b1ca0b""",True,4.0,1.0
1543504693472509727,,35,,1543504693,472179079,'',"""/Estimator_1acd0a0f-b6dc-48ce-95a4-cbe4e9f750bd""","""5341b588-5556-4f2f-b66a-a145b54f0ead""",True,4.0,1.0
1543504694158306596,,104,,1543504694,158052831,'',"""/ViconBridge_975dac0e-c545-4af5-8666-61f8d8027392""","""b9267e2d-739e-42c9-9091-6cff37293bbc""",True,4.0,1.0
1543504694172241764,,35,,1543504694,171902422,'',"""/ViconBridge_975dac0e-c545-4af5-8666-61f8d8027392""","""75b5b731-fa8f-4f35-8e5f-af99eacc211c""",True,4.0,1.0
1543504694237912370,,105,,1543504694,237402755,'',"""/Safepilot_0f97316f-dbc3-4ea1-acab-280598633935""","""6b181b17-6232-476b-b70f-ee8313f9dc31""",True,4.0,1.0
1543504694278258669,,33,,1543504694,277828830,'',"""/Safepilot_0f97316f-dbc3-4ea1-acab-280598633935""","""06c5255f-79c8-472e-9d69-17d479ed8e1b""",True,4.0,1.0
1543504694386785442,,106,,1543504694,386439081,'',"""/Estimator_1acd0a0f-b6dc-48ce-95a4-cbe4e9f750bd""","""915e742e-0a7a-4267-9290-8f9b02b1ca0b""",True,4.0,1.0
1543504694472588966,,36,,1543504694,472199273,'',"""/Estimator_1acd0a0f-b6dc-48ce-95a4-cbe4e9f750bd""","""5341b588-5556-4f2f-b66a-a145b54f0ead""",True,4.0,1.0
1543504695158403262,,107,,1543504695,158058278,'',"""/ViconBridge_975dac0e-c545-4af5-8666-61f8d8027392""","""b9267e2d-739e-42c9-9091-6cff37293bbc""",True,4.0,1.0
1543504695172250830,,36,,1543504695,171881801,'',"""/ViconBridge_975dac0e-c545-4af5-8666-61f8d8027392""","""75b5b731-fa8f-4f35-8e5f-af99eacc211c""",True,4.0,1.0
1543504695237790261,,108,,1543504695,237427924,'',"""/Safepilot_0f97316f-dbc3-4ea1-acab-280598633935""","""6b181b17-6232-476b-b70f-ee8313f9dc31""",True,4.0,1.0
1543504695278148012,,34,,1543504695,277819397,'',"""/Safepilot_0f97316f-dbc3-4ea1-acab-280598633935""","""06c5255f-79c8-472e-9d69-17d479ed8e1b""",True,4.0,1.0
1543504695386697859,,109,,1543504695,386412985,'',"""/Estimator_1acd0a0f-b6dc-48ce-95a4-cbe4e9f750bd""","""915e742e-0a7a-4267-9290-8f9b02b1ca0b""",True,4.0,1.0
1543504695472485452,,37,,1543504695,472195452,'',"""/Estimator_1acd0a0f-b6dc-48ce-95a4-cbe4e9f750bd""","""5341b588-5556-4f2f-b66a-a145b54f0ead""",True,4.0,1.0
1543504696158498133,,110,,1543504696,158041609,'',"""/ViconBridge_975dac0e-c545-4af5-8666-61f8d8027392""","""b9267e2d-739e-42c9-9091-6cff37293bbc""",True,4.0,1.0
1543504696172222718,,37,,1543504696,171888476,'',"""/ViconBridge_975dac0e-c545-4af5-8666-61f8d8027392""","""75b5b731-fa8f-4f35-8e5f-af99eacc211c""",True,4.0,1.0
1543504696237908113,,111,,1543504696,237399925,'',"""/Safepilot_0f97316f-dbc3-4ea1-acab-280598633935""","""6b181b17-6232-476b-b70f-ee8313f9dc31""",True,4.0,1.0
1543504696278153937,,35,,1543504696,277825477,'',"""/Safepilot_0f97316f-dbc3-4ea1-acab-280598633935""","""06c5255f-79c8-472e-9d69-17d479ed8e1b""",True,4.0,1.0
1543504696386769514,,112,,1543504696,386420584,'',"""/Estimator_1acd0a0f-b6dc-48ce-95a4-cbe4e9f750bd""","""915e742e-0a7a-4267-9290-8f9b02b1ca0b""",True,4.0,1.0
1543504696472581418,,38,,1543504696,472187476,'',"""/Estimator_1acd0a0f-b6dc-48ce-95a4-cbe4e9f750bd""","""5341b588-5556-4f2f-b66a-a145b54f0ead""",True,4.0,1.0
1543504697158328341,,113,,1543504697,158061729,'',"""/ViconBridge_975dac0e-c545-4af5-8666-61f8d8027392""","""b9267e2d-739e-42c9-9091-6cff37293bbc""",True,4.0,1.0
1543504697172313641,,38,,1543504697,171911838,'',"""/ViconBridge_975dac0e-c545-4af5-8666-61f8d8027392""","""75b5b731-fa8f-4f35-8e5f-af99eacc211c""",True,4.0,1.0
1543504697238121235,,114,,1543504697,237455052,'',"""/Safepilot_0f97316f-dbc3-4ea1-acab-280598633935""","""6b181b17-6232-476b-b70f-ee8313f9dc31""",True,4.0,1.0
1543504697278244880,,36,,1543504697,277892029,'',"""/Safepilot_0f97316f-dbc3-4ea1-acab-280598633935""","""06c5255f-79c8-472e-9d69-17d479ed8e1b""",True,4.0,1.0
1543504697386711396,,115,,1543504697,386422035,'',"""/Estimator_1acd0a0f-b6dc-48ce-95a4-cbe4e9f750bd""","""915e742e-0a7a-4267-9290-8f9b02b1ca0b""",True,4.0,1.0
1543504697472557820,,39,,1543504697,472179099,'',"""/Estimator_1acd0a0f-b6dc-48ce-95a4-cbe4e9f750bd""","""5341b588-5556-4f2f-b66a-a145b54f0ead""",True,4.0,1.0
1543504698158355596,,116,,1543504698,158070264,'',"""/ViconBridge_975dac0e-c545-4af5-8666-61f8d8027392""","""b9267e2d-739e-42c9-9091-6cff37293bbc""",True,4.0,1.0
1543504698172305837,,39,,1543504698,171948869,'',"""/ViconBridge_975dac0e-c545-4af5-8666-61f8d8027392""","""75b5b731-fa8f-4f35-8e5f-af99eacc211c""",True,4.0,1.0
1543504698237911361,,117,,1543504698,237390774,'',"""/Safepilot_0f97316f-dbc3-4ea1-acab-280598633935""","""6b181b17-6232-476b-b70f-ee8313f9dc31""",True,4.0,1.0
1543504698278218170,,37,,1543504698,277819198,'',"""/Safepilot_0f97316f-dbc3-4ea1-acab-280598633935""","""06c5255f-79c8-472e-9d69-17d479ed8e1b""",True,4.0,1.0
1543504698386831159,,118,,1543504698,386435948,'',"""/Estimator_1acd0a0f-b6dc-48ce-95a4-cbe4e9f750bd""","""915e742e-0a7a-4267-9290-8f9b02b1ca0b""",True,4.0,1.0
1543504698472488846,,40,,1543504698,472209888,'',"""/Estimator_1acd0a0f-b6dc-48ce-95a4-cbe4e9f750bd""","""5341b588-5556-4f2f-b66a-a145b54f0ead""",True,4.0,1.0
1543504699158394043,,119,,1543504699,158066082,'',"""/ViconBridge_975dac0e-c545-4af5-8666-61f8d8027392""","""b9267e2d-739e-42c9-9091-6cff37293bbc""",True,4.0,1.0
1543504699172342396,,40,,1543504699,171897836,'',"""/ViconBridge_975dac0e-c545-4af5-8666-61f8d8027392""","""75b5b731-fa8f-4f35-8e5f-af99eacc211c""",True,4.0,1.0
1543504699238040322,,120,,1543504699,237453627,'',"""/Safepilot_0f97316f-dbc3-4ea1-acab-280598633935""","""6b181b17-6232-476b-b70f-ee8313f9dc31""",True,4.0,1.0
1543504699278150265,,38,,1543504699,277834396,'',"""/Safepilot_0f97316f-dbc3-4ea1-acab-280598633935""","""06c5255f-79c8-472e-9d69-17d479ed8e1b""",True,4.0,1.0
1543504699386725382,,121,,1543504699,386399625,'',"""/Estimator_1acd0a0f-b6dc-48ce-95a4-cbe4e9f750bd""","""915e742e-0a7a-4267-9290-8f9b02b1ca0b""",True,4.0,1.0
1543504699472482763,,41,,1543504699,472205382,'',"""/Estimator_1acd0a0f-b6dc-48ce-95a4-cbe4e9f750bd""","""5341b588-5556-4f2f-b66a-a145b54f0ead""",True,4.0,1.0
1543504700158269549,,122,,1543504700,158049732,'',"""/ViconBridge_975dac0e-c545-4af5-8666-61f8d8027392""","""b9267e2d-739e-42c9-9091-6cff37293bbc""",True,4.0,1.0
1543504700172310589,,41,,1543504700,171910471,'',"""/ViconBridge_975dac0e-c545-4af5-8666-61f8d8027392""","""75b5b731-fa8f-4f35-8e5f-af99eacc211c""",True,4.0,1.0
1543504700237759322,,123,,1543504700,237407242,'',"""/Safepilot_0f97316f-dbc3-4ea1-acab-280598633935""","""6b181b17-6232-476b-b70f-ee8313f9dc31""",True,4.0,1.0
1543504700278097593,,39,,1543504700,277811585,'',"""/Safepilot_0f97316f-dbc3-4ea1-acab-280598633935""","""06c5255f-79c8-472e-9d69-17d479ed8e1b""",True,4.0,1.0
1543504700386731737,,124,,1543504700,386407314,'',"""/Estimator_1acd0a0f-b6dc-48ce-95a4-cbe4e9f750bd""","""915e742e-0a7a-4267-9290-8f9b02b1ca0b""",True,4.0,1.0
1543504700472555512,,42,,1543504700,472182608,'',"""/Estimator_1acd0a0f-b6dc-48ce-95a4-cbe4e9f750bd""","""5341b588-5556-4f2f-b66a-a145b54f0ead""",True,4.0,1.0
1543504701158380671,,125,,1543504701,158077833,'',"""/ViconBridge_975dac0e-c545-4af5-8666-61f8d8027392""","""b9267e2d-739e-42c9-9091-6cff37293bbc""",True,4.0,1.0
1543504701172349490,,42,,1543504701,171885828,'',"""/ViconBridge_975dac0e-c545-4af5-8666-61f8d8027392""","""75b5b731-fa8f-4f35-8e5f-af99eacc211c""",True,4.0,1.0
1543504701238155158,,126,,1543504701,237401060,'',"""/Safepilot_0f97316f-dbc3-4ea1-acab-280598633935""","""6b181b17-6232-476b-b70f-ee8313f9dc31""",True,4.0,1.0
1543504701278257037,,40,,1543504701,277816631,'',"""/Safepilot_0f97316f-dbc3-4ea1-acab-280598633935""","""06c5255f-79c8-472e-9d69-17d479ed8e1b""",True,4.0,1.0
1543504701386715857,,127,,1543504701,386435651,'',"""/Estimator_1acd0a0f-b6dc-48ce-95a4-cbe4e9f750bd""","""915e742e-0a7a-4267-9290-8f9b02b1ca0b""",True,4.0,1.0
1543504701472447985,,43,,1543504701,472186090,'',"""/Estimator_1acd0a0f-b6dc-48ce-95a4-cbe4e9f750bd""","""5341b588-5556-4f2f-b66a-a145b54f0ead""",True,4.0,1.0
1543504702158411935,,128,,1543504702,158037750,'',"""/ViconBridge_975dac0e-c545-4af5-8666-61f8d8027392""","""b9267e2d-739e-42c9-9091-6cff37293bbc""",True,4.0,1.0
1543504702172240646,,43,,1543504702,171895169,'',"""/ViconBridge_975dac0e-c545-4af5-8666-61f8d8027392""","""75b5b731-fa8f-4f35-8e5f-af99eacc211c""",True,4.0,1.0
1543504702237759838,,129,,1543504702,237432897,'',"""/Safepilot_0f97316f-dbc3-4ea1-acab-280598633935""","""6b181b17-6232-476b-b70f-ee8313f9dc31""",True,4.0,1.0
1543504702278098049,,41,,1543504702,277824477,'',"""/Safepilot_0f97316f-dbc3-4ea1-acab-280598633935""","""06c5255f-79c8-472e-9d69-17d479ed8e1b""",True,4.0,1.0
1543504702386727846,,130,,1543504702,386414388,'',"""/Estimator_1acd0a0f-b6dc-48ce-95a4-cbe4e9f750bd""","""915e742e-0a7a-4267-9290-8f9b02b1ca0b""",True,4.0,1.0
1543504702472546515,,44,,1543504702,472224295,'',"""/Estimator_1acd0a0f-b6dc-48ce-95a4-cbe4e9f750bd""","""5341b588-5556-4f2f-b66a-a145b54f0ead""",True,4.0,1.0
1543504703158264863,,131,,1543504703,158038898,'',"""/ViconBridge_975dac0e-c545-4af5-8666-61f8d8027392""","""b9267e2d-739e-42c9-9091-6cff37293bbc""",True,4.0,1.0
1543504703172273423,,44,,1543504703,171906746,'',"""/ViconBridge_975dac0e-c545-4af5-8666-61f8d8027392""","""75b5b731-fa8f-4f35-8e5f-af99eacc211c""",True,4.0,1.0
1543504703237794665,,132,,1543504703,237416345,'',"""/Safepilot_0f97316f-dbc3-4ea1-acab-280598633935""","""6b181b17-6232-476b-b70f-ee8313f9dc31""",True,4.0,1.0
1543504703278368004,,42,,1543504703,277917127,'',"""/Safepilot_0f97316f-dbc3-4ea1-acab-280598633935""","""06c5255f-79c8-472e-9d69-17d479ed8e1b""",True,4.0,1.0
1543504703386775995,,133,,1543504703,386411555,'',"""/Estimator_1acd0a0f-b6dc-48ce-95a4-cbe4e9f750bd""","""915e742e-0a7a-4267-9290-8f9b02b1ca0b""",True,4.0,1.0
1543504703472582478,,45,,1543504703,472183422,'',"""/Estimator_1acd0a0f-b6dc-48ce-95a4-cbe4e9f750bd""","""5341b588-5556-4f2f-b66a-a145b54f0ead""",True,4.0,1.0
1543504704158403793,,134,,1543504704,158041543,'',"""/ViconBridge_975dac0e-c545-4af5-8666-61f8d8027392""","""b9267e2d-739e-42c9-9091-6cff37293bbc""",True,4.0,1.0
1543504704172206250,,45,,1543504704,171859506,'',"""/ViconBridge_975dac0e-c545-4af5-8666-61f8d8027392""","""75b5b731-fa8f-4f35-8e5f-af99eacc211c""",True,4.0,1.0
1543504704237861214,,135,,1543504704,237462200,'',"""/Safepilot_0f97316f-dbc3-4ea1-acab-280598633935""","""6b181b17-6232-476b-b70f-ee8313f9dc31""",True,4.0,1.0
1543504704278197014,,43,,1543504704,277862446,'',"""/Safepilot_0f97316f-dbc3-4ea1-acab-280598633935""","""06c5255f-79c8-472e-9d69-17d479ed8e1b""",True,4.0,1.0
1543504704386801739,,136,,1543504704,386403855,'',"""/Estimator_1acd0a0f-b6dc-48ce-95a4-cbe4e9f750bd""","""915e742e-0a7a-4267-9290-8f9b02b1ca0b""",True,4.0,1.0
1543504704472480042,,46,,1543504704,472179600,'',"""/Estimator_1acd0a0f-b6dc-48ce-95a4-cbe4e9f750bd""","""5341b588-5556-4f2f-b66a-a145b54f0ead""",True,4.0,1.0
1543504705158335629,,137,,1543504705,158040588,'',"""/ViconBridge_975dac0e-c545-4af5-8666-61f8d8027392""","""b9267e2d-739e-42c9-9091-6cff37293bbc""",True,4.0,1.0
1543504705172198567,,46,,1543504705,171851663,'',"""/ViconBridge_975dac0e-c545-4af5-8666-61f8d8027392""","""75b5b731-fa8f-4f35-8e5f-af99eacc211c""",True,4.0,1.0
1543504705237720533,,138,,1543504705,237451908,'',"""/Safepilot_0f97316f-dbc3-4ea1-acab-280598633935""","""6b181b17-6232-476b-b70f-ee8313f9dc31""",True,4.0,1.0
1543504705278457004,,44,,1543504705,277814047,'',"""/Safepilot_0f97316f-dbc3-4ea1-acab-280598633935""","""06c5255f-79c8-472e-9d69-17d479ed8e1b""",True,4.0,1.0
1543504705386760190,,139,,1543504705,386467946,'',"""/Estimator_1acd0a0f-b6dc-48ce-95a4-cbe4e9f750bd""","""915e742e-0a7a-4267-9290-8f9b02b1ca0b""",True,4.0,1.0
1543504705472710082,,47,,1543504705,472201250,'',"""/Estimator_1acd0a0f-b6dc-48ce-95a4-cbe4e9f750bd""","""5341b588-5556-4f2f-b66a-a145b54f0ead""",True,4.0,1.0
1543504706158320480,,140,,1543504706,158040798,'',"""/ViconBridge_975dac0e-c545-4af5-8666-61f8d8027392""","""b9267e2d-739e-42c9-9091-6cff37293bbc""",True,4.0,1.0
1543504706172342753,,47,,1543504706,171945359,'',"""/ViconBridge_975dac0e-c545-4af5-8666-61f8d8027392""","""75b5b731-fa8f-4f35-8e5f-af99eacc211c""",True,4.0,1.0
1543504706237757487,,141,,1543504706,237424209,'',"""/Safepilot_0f97316f-dbc3-4ea1-acab-280598633935""","""6b181b17-6232-476b-b70f-ee8313f9dc31""",True,4.0,1.0
1543504706278258605,,45,,1543504706,277813733,'',"""/Safepilot_0f97316f-dbc3-4ea1-acab-280598633935""","""06c5255f-79c8-472e-9d69-17d479ed8e1b""",True,4.0,1.0
1543504706386716063,,142,,1543504706,386385668,'',"""/Estimator_1acd0a0f-b6dc-48ce-95a4-cbe4e9f750bd""","""915e742e-0a7a-4267-9290-8f9b02b1ca0b""",True,4.0,1.0
1543504706472592619,,48,,1543504706,472221805,'',"""/Estimator_1acd0a0f-b6dc-48ce-95a4-cbe4e9f750bd""","""5341b588-5556-4f2f-b66a-a145b54f0ead""",True,4.0,1.0
1543504707158285550,,143,,1543504707,158028830,'',"""/ViconBridge_975dac0e-c545-4af5-8666-61f8d8027392""","""b9267e2d-739e-42c9-9091-6cff37293bbc""",True,4.0,1.0
1543504707172301706,,48,,1543504707,171910079,'',"""/ViconBridge_975dac0e-c545-4af5-8666-61f8d8027392""","""75b5b731-fa8f-4f35-8e5f-af99eacc211c""",True,4.0,1.0
1543504707237706014,,144,,1543504707,237421074,'',"""/Safepilot_0f97316f-dbc3-4ea1-acab-280598633935""","""6b181b17-6232-476b-b70f-ee8313f9dc31""",True,4.0,1.0
1543504707278219650,,46,,1543504707,277881942,'',"""/Safepilot_0f97316f-dbc3-4ea1-acab-280598633935""","""06c5255f-79c8-472e-9d69-17d479ed8e1b""",True,4.0,1.0
1543504707386790114,,145,,1543504707,386456286,'',"""/Estimator_1acd0a0f-b6dc-48ce-95a4-cbe4e9f750bd""","""915e742e-0a7a-4267-9290-8f9b02b1ca0b""",True,4.0,1.0
1543504707472428514,,49,,1543504707,472150055,'',"""/Estimator_1acd0a0f-b6dc-48ce-95a4-cbe4e9f750bd""","""5341b588-5556-4f2f-b66a-a145b54f0ead""",True,4.0,1.0
1543504708158768900,,146,,1543504708,158041250,'',"""/ViconBridge_975dac0e-c545-4af5-8666-61f8d8027392""","""b9267e2d-739e-42c9-9091-6cff37293bbc""",True,4.0,1.0
1543504708172331843,,49,,1543504708,171904567,'',"""/ViconBridge_975dac0e-c545-4af5-8666-61f8d8027392""","""75b5b731-fa8f-4f35-8e5f-af99eacc211c""",True,4.0,1.0
1543504708237731855,,147,,1543504708,237428964,'',"""/Safepilot_0f97316f-dbc3-4ea1-acab-280598633935""","""6b181b17-6232-476b-b70f-ee8313f9dc31""",True,4.0,1.0
1543504708278169172,,47,,1543504708,277809427,'',"""/Safepilot_0f97316f-dbc3-4ea1-acab-280598633935""","""06c5255f-79c8-472e-9d69-17d479ed8e1b""",True,4.0,1.0
1543504708386697228,,148,,1543504708,386417474,'',"""/Estimator_1acd0a0f-b6dc-48ce-95a4-cbe4e9f750bd""","""915e742e-0a7a-4267-9290-8f9b02b1ca0b""",True,4.0,1.0
1543504708472624458,,50,,1543504708,472187284,'',"""/Estimator_1acd0a0f-b6dc-48ce-95a4-cbe4e9f750bd""","""5341b588-5556-4f2f-b66a-a145b54f0ead""",True,4.0,1.0
1543504709158446716,,149,,1543504709,158044802,'',"""/ViconBridge_975dac0e-c545-4af5-8666-61f8d8027392""","""b9267e2d-739e-42c9-9091-6cff37293bbc""",True,4.0,1.0
1543504709172268819,,50,,1543504709,171864827,'',"""/ViconBridge_975dac0e-c545-4af5-8666-61f8d8027392""","""75b5b731-fa8f-4f35-8e5f-af99eacc211c""",True,4.0,1.0
1543504709237821434,,150,,1543504709,237477914,'',"""/Safepilot_0f97316f-dbc3-4ea1-acab-280598633935""","""6b181b17-6232-476b-b70f-ee8313f9dc31""",True,4.0,1.0
1543504709278098887,,48,,1543504709,277819107,'',"""/Safepilot_0f97316f-dbc3-4ea1-acab-280598633935""","""06c5255f-79c8-472e-9d69-17d479ed8e1b""",True,4.0,1.0
1543504709386778293,,151,,1543504709,386432568,'',"""/Estimator_1acd0a0f-b6dc-48ce-95a4-cbe4e9f750bd""","""915e742e-0a7a-4267-9290-8f9b02b1ca0b""",True,4.0,1.0
1543504709472513003,,51,,1543504709,472193290,'',"""/Estimator_1acd0a0f-b6dc-48ce-95a4-cbe4e9f750bd""","""5341b588-5556-4f2f-b66a-a145b54f0ead""",True,4.0,1.0
1543504710158335339,,152,,1543504710,158040857,'',"""/ViconBridge_975dac0e-c545-4af5-8666-61f8d8027392""","""b9267e2d-739e-42c9-9091-6cff37293bbc""",True,4.0,1.0
1543504710172270233,,51,,1543504710,171893069,'',"""/ViconBridge_975dac0e-c545-4af5-8666-61f8d8027392""","""75b5b731-fa8f-4f35-8e5f-af99eacc211c""",True,4.0,1.0
1543504710237725112,,153,,1543504710,237405391,'',"""/Safepilot_0f97316f-dbc3-4ea1-acab-280598633935""","""6b181b17-6232-476b-b70f-ee8313f9dc31""",True,4.0,1.0
1543504710278114950,,49,,1543504710,277814311,'',"""/Safepilot_0f97316f-dbc3-4ea1-acab-280598633935""","""06c5255f-79c8-472e-9d69-17d479ed8e1b""",True,4.0,1.0
1543504710386739297,,154,,1543504710,386406284,'',"""/Estimator_1acd0a0f-b6dc-48ce-95a4-cbe4e9f750bd""","""915e742e-0a7a-4267-9290-8f9b02b1ca0b""",True,4.0,1.0
1543504710472703813,,52,,1543504710,472187829,'',"""/Estimator_1acd0a0f-b6dc-48ce-95a4-cbe4e9f750bd""","""5341b588-5556-4f2f-b66a-a145b54f0ead""",True,4.0,1.0
1543504711158395796,,155,,1543504711,158057394,'',"""/ViconBridge_975dac0e-c545-4af5-8666-61f8d8027392""","""b9267e2d-739e-42c9-9091-6cff37293bbc""",True,4.0,1.0
1543504711172275242,,52,,1543504711,171914635,'',"""/ViconBridge_975dac0e-c545-4af5-8666-61f8d8027392""","""75b5b731-fa8f-4f35-8e5f-af99eacc211c""",True,4.0,1.0
1543504711237831815,,156,,1543504711,237498829,'',"""/Safepilot_0f97316f-dbc3-4ea1-acab-280598633935""","""6b181b17-6232-476b-b70f-ee8313f9dc31""",True,4.0,1.0
1543504711278138708,,50,,1543504711,277824634,'',"""/Safepilot_0f97316f-dbc3-4ea1-acab-280598633935""","""06c5255f-79c8-472e-9d69-17d479ed8e1b""",True,4.0,1.0
1543504711386742220,,157,,1543504711,386439020,'',"""/Estimator_1acd0a0f-b6dc-48ce-95a4-cbe4e9f750bd""","""915e742e-0a7a-4267-9290-8f9b02b1ca0b""",True,4.0,1.0
1543504711472536423,,53,,1543504711,472176623,'',"""/Estimator_1acd0a0f-b6dc-48ce-95a4-cbe4e9f750bd""","""5341b588-5556-4f2f-b66a-a145b54f0ead""",True,4.0,1.0
1543504712158482253,,158,,1543504712,158036423,'',"""/ViconBridge_975dac0e-c545-4af5-8666-61f8d8027392""","""b9267e2d-739e-42c9-9091-6cff37293bbc""",True,4.0,1.0
1543504712172210175,,53,,1543504712,171877806,'',"""/ViconBridge_975dac0e-c545-4af5-8666-61f8d8027392""","""75b5b731-fa8f-4f35-8e5f-af99eacc211c""",True,4.0,1.0
1543504712237662150,,159,,1543504712,237400831,'',"""/Safepilot_0f97316f-dbc3-4ea1-acab-280598633935""","""6b181b17-6232-476b-b70f-ee8313f9dc31""",True,4.0,1.0
1543504712278846698,,51,,1543504712,277817471,'',"""/Safepilot_0f97316f-dbc3-4ea1-acab-280598633935""","""06c5255f-79c8-472e-9d69-17d479ed8e1b""",True,4.0,1.0
1543504712386705873,,160,,1543504712,386394561,'',"""/Estimator_1acd0a0f-b6dc-48ce-95a4-cbe4e9f750bd""","""915e742e-0a7a-4267-9290-8f9b02b1ca0b""",True,4.0,1.0
1543504712472535682,,54,,1543504712,472179104,'',"""/Estimator_1acd0a0f-b6dc-48ce-95a4-cbe4e9f750bd""","""5341b588-5556-4f2f-b66a-a145b54f0ead""",True,4.0,1.0
1543504713158598663,,161,,1543504713,158159861,'',"""/ViconBridge_975dac0e-c545-4af5-8666-61f8d8027392""","""b9267e2d-739e-42c9-9091-6cff37293bbc""",True,4.0,1.0
1543504713172272895,,54,,1543504713,171909867,'',"""/ViconBridge_975dac0e-c545-4af5-8666-61f8d8027392""","""75b5b731-fa8f-4f35-8e5f-af99eacc211c""",True,4.0,1.0
1543504713237711399,,162,,1543504713,237461331,'',"""/Safepilot_0f97316f-dbc3-4ea1-acab-280598633935""","""6b181b17-6232-476b-b70f-ee8313f9dc31""",True,4.0,1.0
1543504713278044123,,52,,1543504713,277817955,'',"""/Safepilot_0f97316f-dbc3-4ea1-acab-280598633935""","""06c5255f-79c8-472e-9d69-17d479ed8e1b""",True,4.0,1.0
1543504713386738093,,163,,1543504713,386452814,'',"""/Estimator_1acd0a0f-b6dc-48ce-95a4-cbe4e9f750bd""","""915e742e-0a7a-4267-9290-8f9b02b1ca0b""",True,4.0,1.0
1543504713472516733,,55,,1543504713,472165483,'',"""/Estimator_1acd0a0f-b6dc-48ce-95a4-cbe4e9f750bd""","""5341b588-5556-4f2f-b66a-a145b54f0ead""",True,4.0,1.0
1543504714158960666,,164,,1543504714,158044804,'',"""/ViconBridge_975dac0e-c545-4af5-8666-61f8d8027392""","""b9267e2d-739e-42c9-9091-6cff37293bbc""",True,4.0,1.0
1543504714172359555,,55,,1543504714,171914653,'',"""/ViconBridge_975dac0e-c545-4af5-8666-61f8d8027392""","""75b5b731-fa8f-4f35-8e5f-af99eacc211c""",True,4.0,1.0
1543504714237778930,,165,,1543504714,237529441,'',"""/Safepilot_0f97316f-dbc3-4ea1-acab-280598633935""","""6b181b17-6232-476b-b70f-ee8313f9dc31""",True,4.0,1.0
1543504714278183932,,53,,1543504714,277852031,'',"""/Safepilot_0f97316f-dbc3-4ea1-acab-280598633935""","""06c5255f-79c8-472e-9d69-17d479ed8e1b""",True,4.0,1.0
1543504714386722309,,166,,1543504714,386485053,'',"""/Estimator_1acd0a0f-b6dc-48ce-95a4-cbe4e9f750bd""","""915e742e-0a7a-4267-9290-8f9b02b1ca0b""",True,4.0,1.0
1543504714472527951,,56,,1543504714,472181197,'',"""/Estimator_1acd0a0f-b6dc-48ce-95a4-cbe4e9f750bd""","""5341b588-5556-4f2f-b66a-a145b54f0ead""",True,4.0,1.0
1543504715158433766,,167,,1543504715,158053132,'',"""/ViconBridge_975dac0e-c545-4af5-8666-61f8d8027392""","""b9267e2d-739e-42c9-9091-6cff37293bbc""",True,4.0,1.0
1543504715172269109,,56,,1543504715,171914438,'',"""/ViconBridge_975dac0e-c545-4af5-8666-61f8d8027392""","""75b5b731-fa8f-4f35-8e5f-af99eacc211c""",True,4.0,1.0
1543504715237648876,,168,,1543504715,237407439,'',"""/Safepilot_0f97316f-dbc3-4ea1-acab-280598633935""","""6b181b17-6232-476b-b70f-ee8313f9dc31""",True,4.0,1.0
1543504715278140623,,54,,1543504715,277811880,'',"""/Safepilot_0f97316f-dbc3-4ea1-acab-280598633935""","""06c5255f-79c8-472e-9d69-17d479ed8e1b""",True,4.0,1.0
1543504715386740094,,169,,1543504715,386426175,'',"""/Estimator_1acd0a0f-b6dc-48ce-95a4-cbe4e9f750bd""","""915e742e-0a7a-4267-9290-8f9b02b1ca0b""",True,4.0,1.0
1543504715472605220,,57,,1543504715,472185532,'',"""/Estimator_1acd0a0f-b6dc-48ce-95a4-cbe4e9f750bd""","""5341b588-5556-4f2f-b66a-a145b54f0ead""",True,4.0,1.0
