rosbagTimestamp,header,seq,stamp,secs,nsecs,frame_id,logdata,-,header,seq,stamp,secs,nsecs,frame_id,values
1543504675490003317,,6,,1543504675,489676688,'',,,0,,1543504675,485804219,"""Drone0""","[-0.0015645150741104307, 0.0030029648407138365, 0.0011638019165132775, -0.07971085175871849, -0.029982415954582394, 9.75370183825493]"
1543504675589964674,,7,,1543504675,589753968,'',,,0,,1543504675,585805661,"""Drone0""","[-0.0010531288478690705, 0.0003017688233430813, 0.00028120120293659523, -0.06498983767814935, -0.03486643987242133, 9.767537519931794]"
1543504675691773269,,8,,1543504675,691545953,'',,,0,,1543504675,685704595,"""Drone0""","[-0.0019254480431475005, 0.0013518500877601318, 0.00012097292218238598, -0.08158525896258653, -0.028663003162946555, 9.760477007031442]"
1543504675782031007,,9,,1543504675,781690512,'',,,0,,1543504675,777798725,"""Drone0""","[-0.0031361353787854084, 0.0018496860515469253, 0.0017493648513059378, -0.062466421513818204, -0.030202958767767997, 9.767635753154755]"
1543504675878654209,,10,,1543504675,878405401,'',,,0,,1543504675,877063236,"""Drone0""","[-0.004046044156582736, 0.0020493514828262747, 0.0009900519164616926, -0.0710048136021942, -0.03146615377860144, 9.74848729133606]"
1543504675979651880,,11,,1543504675,979383927,'',,,0,,1543504675,977014509,"""Drone0""","[-0.0032447413766929015, 0.0013721755464605632, 0.002708079567082358, -0.06531025595963001, -0.03312104143202305, 9.73632274389267]"
1543504676079971304,,12,,1543504676,79667918,'',,,0,,1543504676,77048881,"""Drone0""","[-0.0022642127968529133, 0.002200067285061857, 0.0020080153996156645, -0.07396701761987061, -0.04491582100745291, 9.76736093401909]"
1543504676179024038,,13,,1543504676,178780885,'',,,0,,1543504676,178692238,"""Drone0""","[-0.00243169077945932, -0.0001616024972339368, 0.0031880417928324086, -0.07481938177719713, -0.02037712856428698, 9.741366552114487]"
1543504676278398428,,14,,1543504676,278096411,'',,,0,,1543504676,276788837,"""Drone0""","[-0.004147672620419356, 0.001723152740291698, 0.0023886794274829144, -0.06739986810833216, -0.0428099234495312, 9.745814529061319]"
1543504676389532264,,15,,1543504676,389185067,'',,,0,,1543504676,386961787,"""Drone0""","[-0.002714032928460581, 0.000895751046737668, 0.0004548103077225014, -0.07844255413860084, -0.04153667853679508, 9.746026198267938]"
1543504676479524943,,16,,1543504676,479270070,'',,,0,,1543504676,477023418,"""Drone0""","[-0.0031768302487472306, 5.3853891230734206e-05, 0.0022688298963482426, -0.0815642820764333, -0.027421006592921914, 9.728109744787217]"
1543504676582044201,,17,,1543504676,581781754,'',,,0,,1543504676,577046993,"""Drone0""","[-0.0035695783700607146, 0.00196264283284074, 0.0012117200907832892, -0.07595783466473222, -0.02454932021442801, 9.753271483182907]"
1543504676681827351,,18,,1543504676,681567876,'',,,0,,1543504676,677894036,"""Drone0""","[-0.002366161672258184, 0.003420019248386473, 0.0015682113804573788, -0.07373418880160898, -0.03804277989082039, 9.775700817704202]"
1543504676789985916,,19,,1543504676,789643824,'',,,0,,1543504676,787080815,"""Drone0""","[-0.002049829239361673, 0.0015990721899974607, 0.0015552371826331368, -0.06568651515059173, -0.024826622132677587, 9.754005308747292]"
1543504676881266903,,20,,1543504676,881099833,'',,,0,,1543504676,877661960,"""Drone0""","[-0.0035337913626897997, 0.0016355519053335543, 0.002725566964709011, -0.06412853367626667, -0.02540757270064205, 9.782737357020379]"
1543504677079438910,,21,,1543504677,79184527,'',,,0,,1543504677,77808520,"""Drone0""","[-0.0025168183075847824, 0.002831478332533075, 0.002268388810292698, -0.07593115217518062, -0.02749889790080488, 9.747116119265558]"
1543504677178924093,,22,,1543504677,178662120,'',,,0,,1543504677,177343239,"""Drone0""","[-0.0041462463728199435, 0.0015487081467360768, 0.0015198258526249774, -0.06864261613693089, -0.033878223882056774, 9.734943385720253]"
1543504677281603158,,23,,1543504677,281368074,'',,,0,,1543504677,277422664,"""Drone0""","[-0.004709649544696515, 5.348521149279089e-05, 0.0011333533247786425, -0.0738997837761417, -0.03351779100252315, 9.743518327474595]"
1543504677381655260,,24,,1543504677,381427701,'',,,0,,1543504677,377384969,"""Drone0""","[-0.0027200190592037796, -0.0008127828507157851, 0.0004067218497880631, -0.07310416958760471, -0.03327609542990104, 9.758890657424928]"
1543504677481666628,,25,,1543504677,481431225,'',,,0,,1543504677,477538706,"""Drone0""","[-0.003754578080104702, 0.0025145189904756623, 0.0004966769425565259, -0.06977299712598324, -0.04164151271805167, 9.764951296448707]"
1543504677581689998,,26,,1543504677,581415089,'',,,0,,1543504677,577794208,"""Drone0""","[-0.0038956182071825927, 0.0002870169524874952, 0.0010886870548523885, -0.08225782580673695, -0.024502480819355698, 9.755507458448411]"
1543504677779154038,,27,,1543504677,778915231,'',,,0,,1543504677,777539645,"""Drone0""","[-0.002681326761546021, 0.0011399754672841251, 0.0016679120433584316, -0.0768675974663347, -0.01736574854934588, 9.764350202679635]"
1543504677878605487,,28,,1543504677,878375780,'',,,0,,1543504677,878301562,"""Drone0""","[-0.0025724593889416988, 0.0009903404689255053, 5.477160818748781e-05, -0.07604695902206005, -0.019895066746976227, 9.732344883084298]"
1543504677977747453,,29,,1543504677,977585586,'',,,0,,1543504677,976739718,"""Drone0""","[-0.004258690027470133, 0.0008521415888318766, 0.00024211456758324744, -0.06632865820080042, -0.03528497945750132, 9.777578943371774]"
1543504678078960628,,30,,1543504678,78672209,'',,,0,,1543504678,77260668,"""Drone0""","[-0.0031009122125515336, 0.0019277874117027021, 0.0002805763743702949, -0.06607087364885957, -0.03840996676124633, 9.770680398344995]"
1543504678179185815,,31,,1543504678,178976938,'',,,0,,1543504678,176884014,"""Drone0""","[-0.0041342621479145865, -0.0004989332498741156, 0.0019588885299192714, -0.07740764264948667, -0.044731793599203235, 9.740929765105248]"
1543504678281689946,,32,,1543504678,281493618,'',,,0,,1543504678,277650361,"""Drone0""","[-0.003101151741005045, -0.0012278670653378457, 0.0024001161959337184, -0.08258650328032673, -0.04755821430590004, 9.760909116268158]"
1543504678482004586,,33,,1543504678,481683891,'',,,0,,1543504678,477791694,"""Drone0""","[-0.002725291285924296, 0.0010424180768970708, -0.0005605390383516919, -0.07882744710892439, -0.042541691567748785, 9.736221587061882]"
1543504678578893191,,34,,1543504678,578657915,'',,,0,,1543504678,577260350,"""Drone0""","[-0.003157550678945603, 0.0017825197764686355, 0.0019097054841686347, -0.06160669351927937, -0.036879775549750776, 9.765510290265084]"
1543504678679161933,,35,,1543504678,678903653,'',,,0,,1543504678,677546177,"""Drone0""","[-0.004024863963612525, 0.0012577397224793185, 0.0006301295312337803, -0.08150085805915297, -0.03214353315532208, 9.736215155124665]"
1543504678778553626,,36,,1543504678,778359370,'',,,0,,1543504678,777025882,"""Drone0""","[-0.002389939747662848, 0.002450303778765452, 0.0038317860849534065, -0.0657184509979561, -0.03028016485506669, 9.745230392217637]"
1543504678879377507,,37,,1543504678,879134657,'',,,0,,1543504678,877807878,"""Drone0""","[-0.0015819632005139778, 0.0015886662261345988, 0.0009577560818137216, -0.06875639929901808, -0.037900110112968836, 9.761289770007133]"
1543504678978380772,,38,,1543504678,978123464,'',,,0,,1543504678,976698916,"""Drone0""","[-0.0031841666853868835, 0.0025285063078337327, 0.0023453042315255495, -0.07754383709281683, -0.024583601800259203, 9.770202680826188]"
1543504679081624552,,39,,1543504679,81381309,'',,,0,,1543504679,77534988,"""Drone0""","[-0.002703457526174849, 0.0006868699467633297, 0.00013737254268923204, -0.0794543599896133, -0.0235755258332938, 9.747250605225563]"
1543504679179054580,,40,,1543504679,178807944,'',,,0,,1543504679,177385844,"""Drone0""","[-0.0035798557271697643, -0.0003266147314177389, 3.125207307587379e-05, -0.08099342023953796, -0.03355300677241758, 9.766427718400955]"
1543504679378909216,,41,,1543504679,378599931,'',,,0,,1543504679,375021646,"""Drone0""","[-0.002802875098172919, 0.001328420641988402, 0.00121554747459014, -0.07636736816726625, -0.030140103483572604, 9.757657479643822]"
1543504679481706718,,42,,1543504679,481421511,'',,,0,,1543504679,477411309,"""Drone0""","[-0.0021558688238280618, -0.0014739636959328584, 0.0015449785508755024, -0.06818422640673817, -0.03369851107941941, 9.770392715334893]"
1543504679579124032,,43,,1543504679,578900806,'',,,0,,1543504679,577521692,"""Drone0""","[-0.0038193319057424073, 0.00128969518485418, 0.0003504144905192672, -0.06709560276009142, -0.032896812132094055, 9.745336226820946]"
1543504679681538476,,44,,1543504679,681226597,'',,,0,,1543504679,675177226,"""Drone0""","[-0.0041568030497542595, -0.00020418045160203698, 0.0009727678319387668, -0.07921766652725637, -0.032559448345564304, 9.787821511030197]"
1543504679779996955,,45,,1543504679,779660267,'',,,0,,1543504679,778316388,"""Drone0""","[-0.002627070575970811, 0.002645152503504878, -0.00019393128004798193, -0.07442174370400607, -0.03743446846492589, 9.729376836419107]"
1543504679878703050,,46,,1543504679,878501288,'',,,0,,1543504679,878427839,"""Drone0""","[-0.0036402067545561073, 0.0009666737053320277, 0.0005940023466454992, -0.06671118030790239, -0.034314204615075145, 9.738459901213647]"
1543504679979447904,,47,,1543504679,979156238,'',,,0,,1543504679,977795543,"""Drone0""","[-0.0038989656238222806, 0.0015862839453157388, 0.001611152122254492, -0.0755475656921044, -0.04106600051745773, 9.762220062017441]"
1543504680081509702,,48,,1543504680,81257159,'',,,0,,1543504680,77511336,"""Drone0""","[-0.003481776497649189, 0.0013883932612315751, 0.001192563796211808, -0.05645960428286344, -0.03981197832617909, 9.766533553004265]"
1543504680182519446,,49,,1543504680,182146962,'',,,0,,1543504680,178277676,"""Drone0""","[-0.003566900644808424, 0.0011354743609378359, 0.0018603605421505592, -0.07132112969644368, -0.047670270712114875, 9.745443230867386]"
1543504680281349639,,50,,1543504680,281096694,'',,,0,,1543504680,277523457,"""Drone0""","[-0.005998455145321337, 0.0003096454668654715, 0.0015299168664800182, -0.08059498731046916, -0.04516881815157831, 9.735899405479431]"
1543504680378659945,,51,,1543504680,378489652,'',,,0,,1543504680,378422282,"""Drone0""","[-0.004038080160596368, 0.00105862467349068, 0.0017741088427544063, -0.07919550192542374, -0.028783866937737913, 9.747409064769746]"
1543504680478745570,,52,,1543504680,478514486,'',,,0,,1543504680,478428013,"""Drone0""","[-0.0028511740212550274, 0.0006764337492601631, 0.0027960356635687287, -0.08206190753728151, -0.036525740346405655, 9.742615517377853]"
1543504680579185405,,53,,1543504680,578902706,'',,,0,,1543504680,575276665,"""Drone0""","[-0.0034713620813707586, 0.0006522405952324745, 0.002173334765322886, -0.07233866399154068, -0.027121156349312517, 9.75462920665741]"
1543504680689230472,,54,,1543504680,688963623,'',,,0,,1543504680,687535248,"""Drone0""","[-0.004181859910615948, 0.0011118051266382689, 0.0024493724526069, -0.08475862512364984, -0.025794283789582553, 9.75917190849781]"
1543504680779134317,,55,,1543504680,778909715,'',,,0,,1543504680,777550468,"""Drone0""","[-0.0038791851508703126, 0.0011470147690072336, -0.00042937315317878534, -0.077116953805089, -0.039467083965428175, 9.768950207233429]"
1543504680878976639,,56,,1543504680,878755745,'',,,0,,1543504680,877463658,"""Drone0""","[-0.002441744472648694, 0.000934938460892032, 0.00019302792813403444, -0.07568858865648509, -0.034039150220341985, 9.76671247780323]"
1543504680981876227,,57,,1543504680,981549396,'',,,0,,1543504680,977661379,"""Drone0""","[-0.0028124642986174803, 0.0007618217418223164, 0.000875646391139334, -0.07523050499148667, -0.030691450238227846, 9.761620722413063]"
1543504681089904456,,58,,1543504681,89615188,'',,,0,,1543504681,87009061,"""Drone0""","[-0.005050632472321584, 0.00027492079809442936, 0.0018975124195801402, -0.06340653045102954, -0.03953781243413687, 9.78096565067768]"
1543504681181377785,,59,,1543504681,181108141,'',,,0,,1543504681,177644533,"""Drone0""","[-0.002303263216856476, 0.0018358041943277244, -0.00042822651798825567, -0.07969922128133476, -0.03745764262508601, 9.755960032939912]"
1543504681281636792,,60,,1543504681,281411185,'',,,0,,1543504681,277582891,"""Drone0""","[-0.003581339191120722, 0.0003586824483732161, 0.0012783255155792781, -0.0680407686252147, -0.03128280702279881, 9.773867715597154]"
1543504681481578964,,61,,1543504681,481270947,'',,,0,,1543504681,475135661,"""Drone0""","[-0.005145935668494941, 0.0019939302943113176, 0.0003433159243593032, -0.07232626606710256, -0.03731008722446859, 9.753428773283959]"
1543504681588987257,,62,,1543504681,588734673,'',,,0,,1543504681,585507751,"""Drone0""","[-0.004313087693478252, 0.0015451040367374129, 0.0018936062332527528, -0.07027859398629517, -0.02578789524966851, 9.747974490523339]"
1543504681678442319,,63,,1543504681,678318536,'',,,0,,1543504681,678257937,"""Drone0""","[-0.0027356542074863364, -0.000305238865027103, 0.0022157261001080073, -0.0635923668416217, -0.04099119727034122, 9.775341213941575]"
1543504681780489602,,64,,1543504681,780219826,'',,,0,,1543504681,776854087,"""Drone0""","[-0.0026728457378011497, 0.0017527248815503986, 0.0016311561290889723, -0.07322318326681852, -0.02451473027933389, 9.762505406141281]"
1543504681879060510,,65,,1543504681,878806886,'',,,0,,1543504681,877387062,"""Drone0""","[-0.0031343655730024017, 0.0007509369161081745, 6.0369106615606444e-05, -0.08615625584498049, -0.029943817479070278, 9.76987523674965]"
1543504681989712294,,66,,1543504681,989358490,'',,,0,,1543504681,985799043,"""Drone0""","[-0.004263181511066389, 0.0007825639696288857, 0.001557198403119493, -0.0750889064418152, -0.029764305674470963, 9.733590340018273]"
1543504682078829075,,67,,1543504682,78548832,'',,,0,,1543504682,75037564,"""Drone0""","[-0.003550193210083055, 0.0013153548980016886, -0.001426889332810968, -0.07665320564992727, -0.015691230468219148, 9.789792607426644]"
1543504682179426215,,68,,1543504682,179130406,'',,,0,,1543504682,175665623,"""Drone0""","[-0.003894523294273488, 0.0013754301165661543, 0.0037132738559989293, -0.07062898838426918, -0.03020057191606611, 9.760824331641198]"
1543504682278493448,,69,,1543504682,278325955,'',,,0,,1543504682,278260516,"""Drone0""","[-0.004084003044643422, 0.00044441555956491397, 0.0020645917082460106, -0.08100028158165515, -0.03463990137912333, 9.732587542533874]"
1543504682391973813,,70,,1543504682,391719743,'',,,0,,1543504682,385793568,"""Drone0""","[-0.0040559490872580945, 0.0012303264581941284, 0.002221812099392084, -0.08421927429735661, -0.029428294056560847, 9.753300134539606]"
1543504682479576402,,71,,1543504682,479270462,'',,,0,,1543504682,475656617,"""Drone0""","[-0.0027999872328658636, 0.000368896672439822, 0.0020413956791811507, -0.07857029752805829, -0.04002428707201034, 9.74559291958809]"
1543504682579415281,,72,,1543504682,579141893,'',,,0,,1543504682,575804745,"""Drone0""","[-0.0029338552902776305, 0.0006289698598176998, 0.001978249372947525, -0.0722951022349298, -0.01590511407935992, 9.764064858555795]"
1543504682679470993,,73,,1543504682,679143350,'',,,0,,1543504682,675656378,"""Drone0""","[-0.002764181500143534, 0.0013457835940504455, 0.0015178195092431983, -0.07081328988075257, -0.03710167053155601, 9.764943695068359]"
1543504682779904669,,74,,1543504682,779595687,'',,,0,,1543504682,778273189,"""Drone0""","[-0.0018317151757497197, 0.001120240247264742, 0.0019289230262437011, -0.0649838808272034, -0.03119085270445794, 9.7867497164011]"
1543504682879423927,,75,,1543504682,879165958,'',,,0,,1543504682,875717477,"""Drone0""","[-0.0024047632039764463, 0.0004083313197495821, 0.0022339445666628064, -0.07022963269148022, -0.036412162750493735, 9.770439493060113]"
1543504683079496523,,76,,1543504683,79237017,'',,,0,,1543504683,75779044,"""Drone0""","[-0.0031224757550770937, 0.0007787840493863846, 0.001107673715945256, -0.07401470897253604, -0.019626738934312018, 9.758912876844407]"
1543504683181961276,,77,,1543504683,181641136,'',,,0,,1543504683,175685618,"""Drone0""","[-0.002385338772775681, 0.0002525461812764324, -0.00033434794394977965, -0.07514729637186975, -0.03308058372465894, 9.73585905969143]"
1543504683290002255,,78,,1543504683,289650406,'',,,0,,1543504683,285783057,"""Drone0""","[-0.004623825537528159, 0.001196228243453919, 0.0015763331115219825, -0.05762611923739314, -0.04326054734643549, 9.759108758568765]"
1543504683379547951,,79,,1543504683,379309453,'',,,0,,1543504683,375778548,"""Drone0""","[-0.00278550889518181, 0.0028067265388548508, 0.002701437008742347, -0.08073737614788115, -0.020166343292221427, 9.759554901123048]"
1543504683479417424,,80,,1543504683,479142439,'',,,0,,1543504683,475794515,"""Drone0""","[-0.00421472212212563, 0.0023115915769724537, 0.0019073584434208398, -0.07981158832088113, -0.02364590940764174, 9.767180839776993]"
1543504683580064236,,81,,1543504683,579762341,'',,,0,,1543504683,575780963,"""Drone0""","[-0.002798395317921296, 0.0019355796285972734, 9.015344007804348e-05, -0.07545751857105643, -0.03284708339022473, 9.751408560276031]"
1543504683769223921,,82,,1543504683,768972443,'',,,0,,1543504683,768887616,"""Drone0""","[-0.004612149240623843, 0.0014337106922495562, 0.00319186618578452, -0.0883523512724787, -0.03102104133926332, 9.768968333601952]"
1543504683879400411,,83,,1543504683,879135217,'',,,0,,1543504683,875667802,"""Drone0""","[-0.0032279046850279066, -0.0004547836826134587, 0.0022638949860275146, -0.06673033907543868, -0.04834143056999892, 9.752200857996941]"
1543504683982879173,,84,,1543504683,982242199,'',,,0,,1543504683,976088985,"""Drone0""","[-0.003818984706518262, 0.0019341282838254777, 0.0013739894348416919, -0.08437465491704643, -0.027373753781430425, 9.75660848915577]"
1543504684082131464,,85,,1543504684,81790184,'',,,0,,1543504684,75663023,"""Drone0""","[-0.0019793083955997517, 0.0018396545947123556, 0.001148898227270354, -0.0773862911760807, -0.050979223754256967, 9.763846172690393]"
1543504684191789504,,86,,1543504684,191516761,'',,,0,,1543504684,185665951,"""Drone0""","[-0.0030636196349120176, -0.0005596787124839201, 2.9803377303308506e-06, -0.07247815206181259, -0.038616410018876196, 9.756559957265855]"
1543504684282067459,,87,,1543504684,281727763,'',,,0,,1543504684,275801464,"""Drone0""","[-0.0023946166642529747, 0.0006752686813018347, 0.0005135739064463868, -0.08452877473086119, -0.03276275786105544, 9.746365921497345]"
1543504684370245975,,88,,1543504684,369925353,'',,,0,,1543504684,368474484,"""Drone0""","[-0.002821874567926302, 0.0018709419261457704, 0.0014540637188284592, -0.09602122128009796, -0.037106028534471994, 9.765441293120384]"
1543504684579916431,,89,,1543504684,579627484,'',,,0,,1543504684,577034224,"""Drone0""","[-0.0024739411539601813, 0.0001574003300698232, 0.002077436909204952, -0.06899210147559644, -0.044826221563853325, 9.737139015197755]"
1543504684669401839,,90,,1543504684,669140275,'',,,0,,1543504684,669059867,"""Drone0""","[-0.0037752495676948157, 0.0010426542243843551, 0.000567511500973223, -0.06596523090731353, -0.03845704598352313, 9.737720813155175]"
1543504684869441639,,91,,1543504684,869167201,'',,,0,,1543504684,869046313,"""Drone0""","[-0.004225162805910907, 0.0015038990309867051, 0.002466036194845635, -0.08078832915052772, -0.03855753586627543, 9.756030199527741]"
1543504684982071931,,92,,1543504684,981820230,'',,,0,,1543504684,975667682,"""Drone0""","[-0.0030138858817777632, 0.000708894080918825, 0.001323477279252105, -0.08295892523601651, -0.034326109180692586, 9.75411874473095]"
1543504685072378644,,93,,1543504685,71980822,'',,,0,,1543504685,68397819,"""Drone0""","[-0.003483664117101513, 0.0005807899857579525, 0.002232578916381165, -0.08376098963432015, -0.036482726766262207, 9.747497357726097]"
1543504685169279164,,94,,1543504685,169097119,'',,,0,,1543504685,169005237,"""Drone0""","[-0.002436619708070568, 0.0017193412210186848, 0.002423508060965456, -0.07962169999256731, -0.03708546506473795, 9.767090792655946]"
1543504685269142262,,95,,1543504685,268920530,'',,,0,,1543504685,268818728,"""Drone0""","[-0.003759777225939836, 0.0004859466985194265, 0.002563355747262291, -0.0791266235522926, -0.03443900840822607, 9.737217367887498]"
1543504685370105018,,96,,1543504685,369775290,'',,,0,,1543504685,368466793,"""Drone0""","[-0.0036942426571778706, 0.0006913090904016394, 0.0004241151330182833, -0.07830400253646076, -0.02691331752575934, 9.760904438495636]"
1543504685481947369,,97,,1543504685,481660161,'',,,0,,1543504685,478037499,"""Drone0""","[-0.0026909081597608266, 0.0018433852308702308, 0.002525680080141751, -0.074721774389036, -0.04324590646661818, 9.745929719209672]"
1543504685568608738,,98,,1543504685,568414396,'',,,0,,1543504685,568308860,"""Drone0""","[-0.004500796857842205, -0.0002470399851911054, 0.0015369888075309399, -0.08004471863619983, -0.015142430450068788, 9.753304227590561]"
1543504685679903014,,99,,1543504685,679547619,'',,,0,,1543504685,675792782,"""Drone0""","[-0.0022336917744187087, 0.0017652816600826897, 6.875039592042388e-05, -0.0673797363275662, -0.032493555250111966, 9.73880254805088]"
1543504685879791112,,100,,1543504685,879512656,'',,,0,,1543504685,875656244,"""Drone0""","[-0.0019304718988874478, 0.0010568631900860798, 0.0025431677378427294, -0.07377822107635439, -0.0456715873349458, 9.740459064245224]"
1543504685990113383,,101,,1543504685,989792562,'',,,0,,1543504685,985654299,"""Drone0""","[-0.003996584521787246, -0.00016954443566659835, 0.0015875122763536727, -0.08374035992659629, -0.028989901347085834, 9.738071061372757]"
1543504686069516960,,102,,1543504686,69230440,'',,,0,,1543504686,69097501,"""Drone0""","[-0.003490950879545052, 0.0012183456142549995, 0.00041747884897136775, -0.07647107858676463, -0.043154726447537546, 9.749539205431939]"
1543504686169158527,,103,,1543504686,168918561,'',,,0,,1543504686,168814611,"""Drone0""","[-0.0025135509938372567, 0.0006563017858576827, -0.00020281829606914068, -0.08097095414064825, -0.03393419726751745, 9.742268192768098]"
1543504686269046026,,104,,1543504686,268812421,'',,,0,,1543504686,268708032,"""Drone0""","[-0.0012114628772756633, 0.0013137629830571207, 0.00235935604731627, -0.07638837246224285, -0.035981127026025204, 9.770072287917138]"
1543504686382214426,,105,,1543504686,381824914,'',,,0,,1543504686,377009188,"""Drone0""","[-0.0036954759296279832, -0.0004282271356647781, 0.0020606635456381435, -0.07126878341194243, -0.025626027875114234, 9.755239655971527]"
1543504686471530293,,106,,1543504686,471263612,'',,,0,,1543504686,467769883,"""Drone0""","[-0.005370273700820491, 0.0011757333463306178, 3.3366463116959934e-05, -0.06817156353034079, -0.03632143040886149, 9.782101764678956]"
1543504686671594908,,107,,1543504686,671388399,'',,,0,,1543504686,667517619,"""Drone0""","[-0.0044176094841827575, 0.0018555881782830832, 0.0028059455356562657, -0.06823949173092843, -0.03948257908690721, 9.769759461879731]"
1543504686769510892,,108,,1543504686,769194161,'',,,0,,1543504686,767785028,"""Drone0""","[-0.0054447194562612135, -0.0010842011628541238, 0.002495608466141498, -0.08775074587203563, -0.03307005645241588, 9.75283703505993]"
1543504686870120792,,109,,1543504686,869811873,'',,,0,,1543504686,867193840,"""Drone0""","[-0.0036032304272960386, 0.0014195093337218436, 0.0023461676782852233, -0.07327939876355231, -0.032286065889056775, 9.753902397751808]"
1543504687080141146,,110,,1543504687,79792729,'',,,0,,1543504687,77111192,"""Drone0""","[-0.0033290959639238602, 4.7965219277244094e-05, 0.0023400145798252443, -0.07411078603472561, -0.033841815828345716, 9.773157863616944]"
1543504687269456328,,111,,1543504687,269175048,'',,,0,,1543504687,267009439,"""Drone0""","[-0.003507324378836861, 0.0004775267922409777, 0.0009319386986065587, -0.07389977007173003, -0.02282070054206997, 9.745549650192261]"
1543504687371694348,,112,,1543504687,371401122,'',,,0,,1543504687,367637417,"""Drone0""","[-0.0033978536337980676, 0.001086078964500671, 0.002744726120098069, -0.08121690264903009, -0.033190305812750016, 9.757494927048684]"
1543504687471780442,,113,,1543504687,471508536,'',,,0,,1543504687,467781156,"""Drone0""","[-0.0028971187515453986, 0.002203658651418586, 0.0012453980254139704, -0.07090980548411609, -0.03233109173364938, 9.76295564174652]"
1543504687569140298,,114,,1543504687,568909652,'',,,0,,1543504687,568816690,"""Drone0""","[-0.002078136509139748, 0.0007168461134862335, 0.0027127291758683378, -0.07981869634240867, -0.0341900243726559, 9.773658385276795]"
1543504687678534422,,115,,1543504687,678359919,'',,,0,,1543504687,673877195,"""Drone0""","[-0.0019239298592741278, 0.001257561701603717, 0.001633148558494353, -0.06763516372069717, -0.026909649311564865, 9.761707845926285]"
1543504687777500261,,116,,1543504687,777341413,'',,,0,,1543504687,771273804,"""Drone0""","[-0.0038230468074036085, 0.00157368529481709, 0.0017588437802366136, -0.08166865487582982, -0.02180580434622243, 9.759270141720773]"
1543504687875658739,,117,,1543504687,875404954,'',,,0,,1543504687,871889405,"""Drone0""","[-0.0010950285121423958, 0.00589809142292818, -0.009439889693868005, -0.04623266422189772, -0.02644234714563936, 9.737198656797409]"
1543504687966092618,,118,,1543504687,965769769,'',,,0,,1543504687,965659958,"""Drone0""","[0.23730894177002393, 0.3516669598355463, -0.044493220111304466, -0.1611168844252825, 0.7255201061815024, 9.1545201086998]"
1543504688075028379,,119,,1543504688,74776670,'',,,0,,1543504688,71285723,"""Drone0""","[-0.07195205461975669, -0.6652435921270435, 0.032603805821349315, 0.6935166869312526, -0.9461979717761279, 11.708331305980684]"
1543504688277666315,,120,,1543504688,277196147,'',,,0,,1543504688,273907126,"""Drone0""","[0.9249067252577858, 0.5638597791678442, -0.10972105513353088, -1.9832634289562703, -0.07727228874340654, 9.319715060591697]"
1543504688375512223,,121,,1543504688,375292880,'',,,0,,1543504688,372003678,"""Drone0""","[0.5556843739640054, 0.5593603019271282, -0.06334570833965097, -5.055703797340393, -7.298598657846451, 7.158074278235436]"
1543504688478573290,,122,,1543504688,478318624,'',,,0,,1543504688,473473736,"""Drone0""","[-0.40893807263013215, 0.30711949862297744, 0.03821423943614341, 1.207458949238062, -1.350077509135008, 8.870211526751518]"
1543504688587788379,,123,,1543504688,587459431,'',,,0,,1543504688,582586130,"""Drone0""","[-0.12567304052321246, 0.1894297328757115, 0.02069471950943581, 1.3589337019622327, -0.184833794105798, 11.071199977397919]"
1543504688677069865,,124,,1543504688,676852300,'',,,0,,1543504688,671250845,"""Drone0""","[0.04321786555477915, -0.201027583041168, 0.002234037933345554, -8.55595935344696, -0.0980409043841064, 8.950425385236741]"
1543504688777786541,,125,,1543504688,777584173,'',,,0,,1543504688,771998213,"""Drone0""","[-0.05035117998525922, -0.25564412344019016, -0.022222980742761585, -1.0333900436013939, -1.417634338438511, 9.051294533014298]"
1543504688865009958,,126,,1543504688,864668334,'',,,0,,1543504688,864554125,"""Drone0""","[-0.29480610700688714, -0.25742812512016383, 0.008031449383501128, -0.6646978805959225, 1.050409753471613, 10.561468952894211]"
1543504688968029017,,127,,1543504688,967780526,'',,,0,,1543504688,967694395,"""Drone0""","[-0.11411919077239109, -0.2226010520835729, 0.0008743486852751521, -1.9110525083541872, 3.0724510395526887, 9.817692596912385]"
1543504689178894571,,128,,1543504689,178641885,'',,,0,,1543504689,172007955,"""Drone0""","[-0.10263341807693488, -0.1731796398915092, 0.0011954481505154725, -1.5532857947051526, 2.4328287971019744, 9.42558533191681]"
1543504689265636508,,129,,1543504689,265364087,'',,,0,,1543504689,265268713,"""Drone0""","[0.12916692478107147, 0.09234247260454273, -0.008068037159719346, 1.782030917555094, -2.3274983699619773, 9.505266509056092]"
1543504689364704625,,130,,1543504689,364491748,'',,,0,,1543504689,364412917,"""Drone0""","[-0.028231213642413256, 0.23981670741049704, -0.01606303088475946, 4.799007521867752, -4.077188337743283, 8.7519784873724]"
1543504689488278578,,131,,1543504689,488004898,'',,,0,,1543504689,481933038,"""Drone0""","[-0.14647312758505832, 0.21967195771389245, -0.005820615281450192, 0.0916257870476693, 1.6907722534239293, 9.185875217914582]"
1543504689565487712,,132,,1543504689,565155428,'',,,0,,1543504689,563782653,"""Drone0""","[-0.08686869452377792, 0.1677018171348388, 0.01151806352367342, -0.8763817052543164, -2.5937292614579204, 9.6141165214777]"
1543504689765584340,,133,,1543504689,765349370,'',,,0,,1543504689,765262101,"""Drone0""","[0.21224862920189191, -0.11961035430164706, 0.0031000037729335987, -6.03638535797596, -10.512775679826737, 10.26474380850792]"
1543504689877082136,,134,,1543504689,876851296,'',,,0,,1543504689,871293185,"""Drone0""","[0.0339704402242371, 0.10141190098632119, -0.000669775196349152, -0.3870747857540846, 1.8421603211760522, 10.400539544820786]"
1543504690078293275,,135,,1543504690,78022469,'',,,0,,1543504690,72001904,"""Drone0""","[-0.004732438817516758, -0.04392220092288865, -0.013229967399214273, -1.3261170811951162, 0.22206703612580897, 10.192271078824998]"
1543504690165175718,,136,,1543504690,164913793,'',,,0,,1543504690,164811446,"""Drone0""","[0.11179818762573819, 0.08224265887463418, -0.0058091444432627854, 2.106621260493994, -2.3162616294622422, 9.14991308748722]"
1543504690265267716,,137,,1543504690,265078150,'',,,0,,1543504690,264080104,"""Drone0""","[-0.05684350899206004, 0.19613434078852685, -0.010289419356251868, -0.8239919686317444, -1.6395819269120695, 10.642194442749023]"
1543504690378042292,,138,,1543504690,377716559,'',,,0,,1543504690,374280070,"""Drone0""","[-0.09543471055812576, -0.1506500127939818, 0.007770995869931933, -6.208893422484398, 0.5999874027818441, 9.513395892977716]"
1543504690475499417,,139,,1543504690,475281417,'',,,0,,1543504690,471969692,"""Drone0""","[0.007090897868485403, 0.0415538767326164, -0.013946818584149846, -0.7582496765255928, 0.8212376376986504, 9.585668647885322]"
1543504690565674448,,140,,1543504690,565402133,'',,,0,,1543504690,565292063,"""Drone0""","[0.029811414839373985, 0.06318429164926774, 0.004809064515951332, -0.9683250783383847, 0.24349600341171027, 10.345402640104295]"
1543504690875957361,,141,,1543504690,875673358,'',,,0,,1543504690,872010084,"""Drone0""","[0.05733025993792086, 0.13223551885760165, 0.015395002932745606, 0.6985534054040909, -1.7511580574512482, 9.093416705131531]"
1543504690965181278,,142,,1543504690,964915580,'',,,0,,1543504690,963529782,"""Drone0""","[0.01296383126163939, 0.14196927277330038, 0.0013771482975956082, 0.05725872680079192, -0.7152281295508147, 8.965265033841133]"
1543504691066893032,,143,,1543504691,66646948,'',,,0,,1543504691,63286910,"""Drone0""","[0.04495588609405689, 0.11457943494302722, -0.012371730448422614, -2.0475677445530893, -0.26718459064140915, 10.44401359319687]"
1543504691168516185,,144,,1543504691,168249804,'',,,0,,1543504691,168120176,"""Drone0""","[0.1274489694961318, 0.2568769839325719, 0.011120857208277306, 1.4529947903752327, 0.07277943898458034, 9.661863715052606]"
1543504691268146039,,145,,1543504691,267876572,'',,,0,,1543504691,263291291,"""Drone0""","[0.04130762587794654, 0.08714465626935898, -0.008759273104217022, 0.41032488662749533, 0.4613870129361749, 9.100628076195717]"
1543504691367540841,,146,,1543504691,367330643,'',,,0,,1543504691,363891161,"""Drone0""","[0.0025114264466746727, 0.14596521283090977, 0.0036272834012624424, 2.4304355317354203, -0.7184703375399113, 9.125358874797822]"
1543504691565488712,,147,,1543504691,565187553,'',,,0,,1543504691,565070286,"""Drone0""","[0.03045656977463488, -0.05737751856370216, -0.004215438886965889, -1.8473875857889652, 2.4641707500815393, 10.506941328048706]"
1543504691665295799,,148,,1543504691,665041140,'',,,0,,1543504691,663701487,"""Drone0""","[0.01009318495550776, 0.02190094422972756, 0.010823943875057893, -0.8503427383303642, -0.0603979644086212, 10.36315478682518]"
1543504691767882411,,149,,1543504691,767645494,'',,,0,,1543504691,764299818,"""Drone0""","[9.064808518993436e-05, -0.09843143257473741, -0.024715994967509185, 0.6855912977457047, 0.11890757052227856, 9.197205367684365]"
1543504691865871740,,150,,1543504691,865577229,'',,,0,,1543504691,863355305,"""Drone0""","[-0.044583613624366636, -0.05802747967249281, 0.011530161140984567, -0.020033241477794946, 0.5751902748271823, 8.991793266534806]"
1543504691968179201,,151,,1543504691,967932729,'',,,0,,1543504691,964091903,"""Drone0""","[-0.17999418642307438, -0.03311990979584986, 0.015173367592807564, 0.4748693035170436, 1.1165962877869606, 10.366318130493164]"
1543504692165428853,,152,,1543504692,165137997,'',,,0,,1543504692,163808017,"""Drone0""","[-0.005550477640307734, 0.012201875906632501, -0.008170232845659233, -1.6301082681119443, -0.5493297941610218, 9.967295948266983]"
1543504692265392205,,153,,1543504692,265161433,'',,,0,,1543504692,264083390,"""Drone0""","[-0.02348662155167976, -0.07450420350427166, -0.003153909378318435, -1.628825242817402, 0.05547413374297321, 9.354424717426301]"
1543504692365167378,,154,,1543504692,364936818,'',,,0,,1543504692,363576613,"""Drone0""","[-0.004598909897025056, -0.0016003371915152484, -0.004997791611224129, 0.6514360300451517, -0.9505516623705627, 9.734378544688225]"
1543504692465718152,,155,,1543504692,465417332,'',,,0,,1543504692,463053522,"""Drone0""","[0.03279446110766917, -0.09009712819998329, -0.008138983355040135, -0.14907127300277354, 0.3566774870082736, 9.80198697566986]"
1543504692578111506,,156,,1543504692,577877059,'',,,0,,1543504692,574181265,"""Drone0""","[0.09356365680002016, -0.11911320038277813, -0.004471805852663171, -0.5953122980520129, 0.12784106536768378, 9.75928885281086]"
1543504692665480173,,157,,1543504692,665168342,'',,,0,,1543504692,663844334,"""Drone0""","[0.09408266528458456, -0.14434048482887968, -0.018398666853245586, -1.1068867669254543, 0.11805312786251307, 9.844740647077561]"
1543504692767457954,,158,,1543504692,767251802,'',,,0,,1543504692,763792356,"""Drone0""","[0.012014826290757263, 0.042522077269293114, -0.0024308580214700195, -1.3930273546278478, 0.5687040315940977, 10.50006968021393]"
1543504692865847256,,159,,1543504692,865563894,'',,,0,,1543504692,863365763,"""Drone0""","[0.015728107168762974, 0.00013820741378242445, -0.005733179853762876, -0.26976100176572804, 0.3635191313177347, 9.80127361536026]"
1543504692967885876,,160,,1543504692,967410597,'',,,0,,1543504692,967288994,"""Drone0""","[0.06073878988284284, 0.002097111141795075, 0.004773942518629962, -0.07680564438924194, -0.05322494285646826, 8.28789433658123]"
1543504693064204421,,161,,1543504693,63955794,'',,,0,,1543504693,63873963,"""Drone0""","[0.10719473058921128, -0.0323351968970904, 0.0010121530326174478, -2.7446982300281526, 0.7695887432992459, 9.631423695087433]"
1543504693165226244,,162,,1543504693,165006319,'',,,0,,1543504693,163736372,"""Drone0""","[-0.0019331989082243645, -0.06344945510886636, -0.0045894905251148525, 1.0079927355051042, -0.06353869122918696, 9.143996289968491]"
1543504693266661996,,163,,1543504693,266405912,'',,,0,,1543504693,262813963,"""Drone0""","[0.04522507342361505, -0.07367108349151082, 0.0031106088236924037, -0.056192870750091974, 0.7258788328617811, 9.463965286016466]"
1543504693365157641,,164,,1543504693,364912041,'',,,0,,1543504693,363840954,"""Drone0""","[0.03549436133722389, -0.04603174491780005, -0.007308781376208063, -0.47003343690186744, 2.3617408342659476, 9.61687933087349]"
1543504693375095973,,165,,1543504693,374870488,'',,,0,,1543504693,371822880,"""Drone0""","[0.03549436133722389, -0.04603174491780005, -0.007308781376208063, -0.47003343690186744, 2.3617408342659476, 9.61687933087349]"
1543504693464886066,,166,,1543504693,464629586,'',,,0,,1543504693,463608921,"""Drone0""","[0.005766036083563079, -0.01765009804390555, 0.03262237928935802, -9.337787050008775, -0.6786868324130774, 9.224908306002618]"
1543504693567717091,,167,,1543504693,567489231,'',,,0,,1543504693,563977584,"""Drone0""","[-0.04169786220142722, 0.06170570045086655, -0.0040385815838953594, 0.24433915363624692, -2.9336281996965408, 9.0089378875494]"
1543504693765421957,,168,,1543504693,765191140,'',,,0,,1543504693,763844688,"""Drone0""","[0.011522058265308539, 0.007836594416977899, -0.01620408583607389, 1.3712800978124142, -1.5921724100410939, 10.094965224266053]"
1543504693874912001,,169,,1543504693,874671384,'',,,0,,1543504693,874593683,"""Drone0""","[0.07214133047185567, 0.05861176473208859, -0.004557780182791495, -0.22329244807362558, -1.3394175964593888, 9.670408251285554]"
1543504693963921163,,170,,1543504693,963701842,'',,,0,,1543504693,963615769,"""Drone0""","[0.05817286746206512, 0.004950162639603743, 0.0019232978786638843, -0.6400831492245198, -0.2082511984370649, 9.79023231804371]"
1543504694064492423,,171,,1543504694,64228739,'',,,0,,1543504694,62808822,"""Drone0""","[-0.007441447890237391, 0.09924759158030583, -0.010678138926267958, -0.7205477801710367, 2.1232418248057368, 9.619183133840561]"
1543504694164354350,,172,,1543504694,164163897,'',,,0,,1543504694,164089841,"""Drone0""","[-0.06966281383029219, 0.07345967843522896, 0.03238290909249485, -0.02436364370863885, -0.1418250196427107, 10.60543182849884]"
1543504694464691975,,173,,1543504694,464519991,'',,,0,,1543504694,463475713,"""Drone0""","[-0.04029477161992977, 0.06597729432605595, -0.011874093831606088, 1.098240269869566, -0.9658400847762824, 10.377343640327455]"
1543504694564818854,,174,,1543504694,564556847,'',,,0,,1543504694,564469206,"""Drone0""","[0.07022411248072921, -0.04402611830086138, -0.00862995790794226, -0.43642305660992864, -0.29944949006661775, 10.33154356956482]"
1543504694967640040,,175,,1543504694,967410751,'',,,0,,1543504694,966861552,"""Drone0""","[-0.8970925376749438, -0.11682832468078783, -0.010685797594996537, -0.4291003326326609, 0.32666204798966647, 9.867779846191407]"
1543504695064688473,,176,,1543504695,64449701,'',,,0,,1543504695,63098569,"""Drone0""","[-0.7966978227445999, -0.24706856163781007, -0.036936908314746546, 0.5122448156028986, 0.9931074786186219, 9.675477787256241]"
1543504695167346515,,177,,1543504695,167170265,'',,,0,,1543504695,163601314,"""Drone0""","[-0.4513704180154464, -0.3020968433861153, -0.0553411657256867, -0.7788114103674889, 0.6676499205082655, 11.309244804382324]"
1543504695264381188,,178,,1543504695,264205405,'',,,0,,1543504695,262828032,"""Drone0""","[-0.08013114663722964, -0.31367916399346524, -0.09091354519928231, 1.065120105519891, 0.19196255497634412, 9.762603639364244]"
1543504695577977818,,179,,1543504695,577726396,'',,,0,,1543504695,573711684,"""Drone0""","[0.6790480876374693, -0.24416991052834056, -0.02548898995747229, 0.5339858962967992, -2.0219234646856785, 9.184714545607568]"
1543504695664681209,,180,,1543504695,664425816,'',,,0,,1543504695,664332866,"""Drone0""","[0.7991007264171512, -0.16895806351054282, -0.001313747248560446, -1.5623500022292138, 0.1973665151372552, 9.90537159562111]"
1543504695766667993,,181,,1543504695,766443783,'',,,0,,1543504695,762835297,"""Drone0""","[0.8245849809413103, -0.04699354970667138, 0.011141915946537647, -0.8138519465178252, 0.17775329103693366, 9.517857903242112]"
1543504695867854181,,182,,1543504695,867624607,'',,,0,,1543504695,863615693,"""Drone0""","[0.611081553457557, 0.11683045520965989, -0.021048726439118398, -0.19236140817403793, 1.270960295945406, 9.673562824130059]"
1543504695978552745,,183,,1543504695,978330068,'',,,0,,1543504695,971851288,"""Drone0""","[0.5234425479108521, 0.2505571195734889, -0.01840974601949924, -0.2833589575812221, 0.4372050851583481, 9.509768280386925]"
1543504696066912214,,184,,1543504696,66679345,'',,,0,,1543504696,63092068,"""Drone0""","[0.3802514001846665, 0.45002532192787464, -0.08343975810700321, 3.7350844144821167, -5.822797679901123, 9.547548310160638]"
1543504696167262018,,185,,1543504696,166824625,'',,,0,,1543504696,163241775,"""Drone0""","[0.2456183039766938, 0.37938354256443696, -0.08297280609937145, 1.0254720365256071, 0.2245273069292307, 9.958527463674546]"
1543504696268110960,,186,,1543504696,267832215,'',,,0,,1543504696,264013947,"""Drone0""","[0.23865308910645736, 0.3796816834484713, -0.14152873599473084, -3.1882074907422067, -3.5714565163850787, 9.264097514748574]"
1543504696367808714,,187,,1543504696,367460835,'',,,0,,1543504696,361383862,"""Drone0""","[0.08826693731985359, 0.4064352671271893, -0.14542122888874748, -4.514331734776497, -2.4001108480989934, 10.65283169746399]"
1543504696467844882,,188,,1543504696,467548094,'',,,0,,1543504696,461387289,"""Drone0""","[-0.07576517699091055, 0.5627668844355029, -0.09523511495680273, -0.6774454685300589, 2.316594920754433, 10.42300571680069]"
1543504696665093210,,189,,1543504696,664867551,'',,,0,,1543504696,661346465,"""Drone0""","[-0.025536306839902434, 0.19989417497074394, -0.08207788410456394, 2.593210905790329, -2.9276731029152874, 10.913971856832505]"
1543504696764601543,,190,,1543504696,764424368,'',,,0,,1543504696,764339730,"""Drone0""","[-0.014056993350386966, 0.1967312717021113, -0.07574018488855584, -0.057871779953129594, -1.7454318791627885, 9.169073243737222]"
1543504696877381847,,191,,1543504696,877170831,'',,,0,,1543504696,873722430,"""Drone0""","[-0.10560050410404101, 0.23450648071017674, -0.0778547764059708, 2.4419147855043413, -7.53774276137352, 9.535943341255189]"
1543504696967829982,,192,,1543504696,966977044,'',,,0,,1543504696,961390746,"""Drone0""","[-0.27453553959353305, 0.24379264047041724, -0.051626705150541866, 1.7167278975248337, 0.737835292518139, 9.711055170893669]"
1543504697064646020,,193,,1543504697,64443046,'',,,0,,1543504697,64365295,"""Drone0""","[-0.2849217513315444, 0.11505925334767544, -0.05337455441871768, -3.1015561401844027, 3.308792864978314, 9.07948220551014]"
1543504697164969349,,194,,1543504697,164708923,'',,,0,,1543504697,161381289,"""Drone0""","[-0.27791717161144525, 0.25687460373234766, -0.018444829005671827, 1.399217217117548, -3.4137345984578134, 10.790753481388093]"
1543504697267449804,,195,,1543504697,267206396,'',,,0,,1543504697,267113412,"""Drone0""","[-0.4951511884396951, 0.18574519957331642, -0.010487841502219585, -0.9162380813062192, 3.5863335871696473, 11.23956353545189]"
1543504697368119497,,196,,1543504697,367857863,'',,,0,,1543504697,363624071,"""Drone0""","[-0.49398985046733873, 0.23473819236977045, -0.009478944535135097, 2.2457838235795498, -1.6441244825720789, 8.443669424057008]"
1543504697465151943,,197,,1543504697,464889247,'',,,0,,1543504697,461393900,"""Drone0""","[-0.47984380454711034, 0.09850945487229834, -0.0015866115089283323, 0.24484206900000574, 1.1557582338899375, 9.208002251386644]"
1543504697567877610,,198,,1543504697,567584008,'',,,0,,1543504697,561410894,"""Drone0""","[-0.4868630649427186, -0.05663772154120257, 0.0060238305972314, -2.0116140925884247, 5.964903731346131, 10.04931133389473]"
1543504697765217551,,199,,1543504697,765021274,'',,,0,,1543504697,763667880,"""Drone0""","[-0.332731251984324, -0.15530927970010266, -0.010465307622386691, 0.4015004149451852, 0.4504629522934556, 9.892703018188477]"
1543504697864887236,,200,,1543504697,864616027,'',,,0,,1543504697,861418005,"""Drone0""","[-0.36439597102925714, -0.0898076758790053, -0.018443923947020123, -0.6551763477176428, -0.23394190885126592, 9.212114013433457]"
1543504697967229613,,201,,1543504697,966934612,'',,,0,,1543504697,963515706,"""Drone0""","[-0.20538544669091918, -0.09640792116660318, -0.024284858315349777, 0.6816367527097464, -1.742623900026083, 10.89536952495575]"
1543504698267645746,,202,,1543504698,267201105,'',,,0,,1543504698,263385042,"""Drone0""","[-0.07717628618400267, -0.3420045786370617, -0.08012441383309879, -1.148443513289094, 1.0361194507777691, 9.829692252874375]"
1543504698365188182,,203,,1543504698,364975666,'',,,0,,1543504698,361392968,"""Drone0""","[-0.0047147282761190795, -0.43702303711680807, -0.10385277967154129, 0.104083645446226, -2.394286436587572, 9.453426849246025]"
1543504698578385137,,204,,1543504698,578036861,'',,,0,,1543504698,571402004,"""Drone0""","[0.06809678356316312, -0.34402954646141704, -0.11236850357317865, -0.2272646992094815, -2.409249899983406, 9.324389909505845]"
1543504698665116236,,205,,1543504698,664889982,'',,,0,,1543504698,661420640,"""Drone0""","[0.06131063714791011, -0.3371270656796088, -0.1205177432193075, -1.0332072450220586, -1.7961918506026269, 9.92941885471344]"
1543504698765273009,,206,,1543504698,764991961,'',,,0,,1543504698,761368070,"""Drone0""","[0.1905677681885296, -0.4453022390241328, -0.1114186705256451, -5.032458191514015, -1.7877989034354687, 10.12222728252411]"
1543504698867873116,,207,,1543504698,867350644,'',,,0,,1543504698,861448481,"""Drone0""","[0.24313440691749053, -0.268864720881616, -0.0809742701488351, -0.4739776396751404, 0.2391691003739834, 8.860996314883232]"
1543504698967815957,,208,,1543504698,967363587,'',,,0,,1543504698,963489339,"""Drone0""","[0.26250196298422596, -0.23737227506969738, -0.04370075491705935, 0.14134160108864308, -0.8499698321521283, 9.934999437332154]"
1543504699065016503,,209,,1543504699,64767936,'',,,0,,1543504699,61368971,"""Drone0""","[0.2130407698233792, -0.2675796291423551, -0.03374863011435253, -1.167897565215826, -0.30516344401985407, 11.026499183177949]"
1543504699265219168,,210,,1543504699,264994835,'',,,0,,1543504699,261898297,"""Drone0""","[0.3336130912002765, -0.15209354597334562, -0.06357816901330127, -1.8181886373460294, -0.12952869971282782, 10.859982175827026]"
1543504699364664717,,211,,1543504699,364453622,'',,,0,,1543504699,361356113,"""Drone0""","[0.45819606659980594, -0.01562188657256624, -0.0032380270378391343, -0.8734228679537773, 0.5027057410776615, 10.81671394944191]"
1543504699465546763,,212,,1543504699,465271384,'',,,0,,1543504699,461893776,"""Drone0""","[0.4099448806802366, -0.013314021340525298, -0.007082274324010319, 0.9578297647833824, -0.537739443294704, 10.164199765920639]"
1543504699555568891,,213,,1543504699,555283968,'',,,0,,1543504699,555167286,"""Drone0""","[0.3744493708547927, 0.0898254857687952, -0.01070156850207685, 0.2116897632367909, 0.00639746205706615, 9.706673267483712]"
1543504699865195237,,214,,1543504699,864994318,'',,,0,,1543504699,864903625,"""Drone0""","[0.14993102587868765, 0.2500882700635805, -0.00603631936632765, 0.36071440469473603, -1.610752814859152, 9.198656646609306]"
1543504699956099441,,215,,1543504699,955886293,'',,,0,,1543504699,955775622,"""Drone0""","[0.09079590838050645, 0.3612227147218869, -0.04943248927772275, 2.968416501581669, -3.2671036791801455, 10.501130365133285]"
1543504700266101668,,216,,1543504700,265779424,'',,,0,,1543504700,264412836,"""Drone0""","[0.1706396333570893, 0.4308797236932405, -0.11622098247181685, 1.0803694246709348, -1.4579742792248727, 11.743508155345918]"
1543504700365418946,,217,,1543504700,365174417,'',,,0,,1543504700,361977314,"""Drone0""","[0.04022622435018465, 0.3692390959191344, -0.07065732556630105, -0.8250315304845572, -4.018917617797852, 10.948463412523271]"
1543504700455560796,,218,,1543504700,455279222,'',,,0,,1543504700,455167724,"""Drone0""","[0.04064600511700839, 0.33039133207155313, -0.07535893673375418, -0.8290209395438433, -1.6712222340703011, 8.933418173789978]"
1543504700568620877,,219,,1543504700,568363656,'',,,0,,1543504700,561923861,"""Drone0""","[0.020845637519459236, 0.3341183927276054, -0.09213184152945267, -1.0462036319822074, 2.0356142815947535, 8.688209338188171]"
1543504700868161747,,220,,1543504700,867848766,'',,,0,,1543504700,861926391,"""Drone0""","[-0.31090331789976206, 0.21262626544446514, -0.03650635006788639, 0.41703127752989533, 0.6738598828017712, 9.559548550844193]"
1543504700955938656,,221,,1543504700,955673416,'',,,0,,1543504700,955555695,"""Drone0""","[-0.2595456211476426, 0.30768279048304287, -0.07023563065244381, -1.175954809114337, 0.024221704832743853, 10.756805716753007]"
1543504701055197923,,222,,1543504701,55005505,'',,,0,,1543504701,54916101,"""Drone0""","[-0.36277503803178046, 0.26126375952490727, -0.015904367861331484, 3.99652862906456, -2.186803397834301, 10.743099843263627]"
1543504701165844366,,223,,1543504701,165538251,'',,,0,,1543504701,164176933,"""Drone0""","[-0.27921321560068907, 0.09298372850552018, -0.01772028690279135, -2.107182885557413, 2.0262435337901117, 9.394752963781357]"
1543504701855151164,,224,,1543504701,854975646,'',,,0,,1543504701,854887432,"""Drone0""","[-0.26283562377929925, -0.20979356086148873, -0.01029920855385251, 0.05394452040083707, 0.47130732592195274, 10.138384308815002]"
1543504701964880221,,225,,1543504701,964650702,'',,,0,,1543504701,961427346,"""Drone0""","[-0.21653152486695737, -0.12382865166552127, -0.04379501417489135, 1.7576931980252266, -0.12439301711507142, 8.714096716046333]"
1543504702154934247,,226,,1543504702,154751000,'',,,0,,1543504702,154661354,"""Drone0""","[-0.10935027653076461, -0.43787751235255995, -0.0884297480086199, -2.8880760508775714, 2.032022044658661, 10.213564299345016]"
1543504702360361307,,227,,1543504702,359943841,'',,,0,,1543504702,353449293,"""Drone0""","[0.08453061385663489, -0.35416357348895466, -0.12515328302459147, 0.0937733597215265, 0.1397737707104534, 9.709981622099876]"
1543504702455873376,,228,,1543504702,455566869,'',,,0,,1543504702,455446672,"""Drone0""","[0.03680011338087894, -0.33929817446878224, -0.1300305046988001, -1.0950840890407563, 2.248197115659714, 9.565241400003433]"
1543504702555556923,,229,,1543504702,555300997,'',,,0,,1543504702,555175712,"""Drone0""","[0.05596705435493655, -0.28852906960708397, -0.12661130546476101, -0.20660005437210202, -0.5825976007059217, 10.147420595884324]"
1543504702757236854,,230,,1543504702,756989006,'',,,0,,1543504702,753421886,"""Drone0""","[0.6803607597387693, -0.24078621456058358, -0.037166152389142726, -0.8753026746958494, -0.36258653696626425, 10.020765227079393]"
1543504703168588958,,231,,1543504703,168382577,'',,,0,,1543504703,161928433,"""Drone0""","[0.33769911268175784, 0.41101477235866235, -0.09388455106661789, 1.1121133737266065, -1.409011157155037, 10.053609037399292]"
1543504703265668121,,232,,1543504703,265428662,'',,,0,,1543504703,261926241,"""Drone0""","[0.06586878715639204, 0.33016629495944144, -0.102342575918763, -2.306011752784252, 1.9073010809719564, 11.251462619304657]"
1543504703357175424,,233,,1543504703,356923444,'',,,0,,1543504703,353428200,"""Drone0""","[-0.1223841863797759, 0.49051632274706203, -0.03791251576820504, -1.0165224344283343, -0.8277244656533004, 9.846724022626878]"
1543504703455121677,,234,,1543504703,454846192,'',,,0,,1543504703,453447257,"""Drone0""","[-0.3475628954376797, 0.2996514290046636, -0.06769643138872936, -1.6714010126888752, 0.38178448084741834, 9.682969824671746]"
1543504703558220874,,235,,1543504703,557962387,'',,,0,,1543504703,553207996,"""Drone0""","[-0.32002734108388714, 0.2158616066947479, -0.0405863295026446, 0.09289951161481441, 0.4764314237236977, 10.12092452287674]"
1543504703657650053,,236,,1543504703,657336523,'',,,0,,1543504703,652725062,"""Drone0""","[-0.3536294432428257, 0.09598534408063486, -0.009480859722465892, 0.1890011047013104, -0.4587348986417055, 10.77109046459198]"
1543504703758084646,,237,,1543504703,757734412,'',,,0,,1543504703,753300423,"""Drone0""","[-0.30521161001804475, -0.0024311880557887026, -0.009181423668292011, -0.03518225347157568, 0.9383361710608006, 10.071916669607162]"
1543504703855651065,,238,,1543504703,855387327,'',,,0,,1543504703,854078556,"""Drone0""","[-0.1872984383448347, 0.027294344779842404, -0.003433080701146821, -2.1240019628405573, 2.33474394723773, 10.221937512159348]"
1543504704257832346,,239,,1543504704,257512566,'',,,0,,1543504704,253316436,"""Drone0""","[-0.0007715182229260243, 0.030570863077885917, 0.0024247806046386747, 0.15778698647394776, -1.0298974286019802, 8.72542160332203]"
1543504704357122217,,240,,1543504704,356810980,'',,,0,,1543504704,353185188,"""Drone0""","[0.0217855981456081, -0.13633100288333116, -0.03134883485013611, 0.6075937167182565, -0.10128094707615674, 9.910560414791108]"
1543504704565624460,,241,,1543504704,565323911,'',,,0,,1543504704,563971323,"""Drone0""","[0.02524109543306715, -0.013856925454089364, -0.023522337038611247, -3.4271811479330063, 0.9200437416136266, 9.729434723854066]"
1543504704657515621,,242,,1543504704,657320775,'',,,0,,1543504704,653838836,"""Drone0""","[0.009408645404735412, -0.03985411832806253, -0.016775858199735493, -0.7602576834708452, 0.1143710813485086, 10.680515924692154]"
1543504704754700764,,243,,1543504704,754455468,'',,,0,,1543504704,753076067,"""Drone0""","[-0.02302506868703921, 0.004723649345622195, -0.013960318522222487, 0.09462022840976715, -0.1358683514222503, 9.94734524846077]"
1543504704857191381,,244,,1543504704,856942529,'',,,0,,1543504704,853177793,"""Drone0""","[0.04991676015481844, -0.048041449500157915, -0.0018243769185897901, -4.652734744548797, -1.709080031812191, 9.630360671281815]"
1543504705056086138,,245,,1543504705,55747007,'',,,0,,1543504705,54353663,"""Drone0""","[0.0010193065069693202, 0.08742817473453313, -0.007495666625109772, 0.2148022909462452, -0.5348147756606341, 9.82367780685425]"
1543504705154080392,,246,,1543504705,153911304,'',,,0,,1543504705,153816353,"""Drone0""","[-0.02279172792187243, 0.030294782738412566, -0.0025106181356719416, 0.20874148746952415, 0.04454013283364475, 10.166812301874161]"
1543504705358510707,,247,,1543504705,358229165,'',,,0,,1543504705,353215593,"""Drone0""","[0.012643567415205947, 0.02186248443851653, -0.01212230980787718, -0.7072064805775882, -0.2763931330293417, 10.20595941066742]"
1543504705454790475,,248,,1543504705,454571851,'',,,0,,1543504705,453218585,"""Drone0""","[-0.07735064001161879, 0.027411582124454735, -0.003245552808587535, -0.21292752742767335, 0.06563162441365421, 9.560421540141107]"
1543504705554875209,,249,,1543504705,554717613,'',,,0,,1543504705,554625682,"""Drone0""","[0.007326953809607301, -0.049285815680686636, -0.013317888125592417, -1.024658323377371, 1.903834997713566, 9.176421439647674]"
1543504705654876850,,250,,1543504705,654713976,'',,,0,,1543504705,654619895,"""Drone0""","[-0.014825850037687445, 0.023274636009504055, 0.009924911665614882, 0.231002805903554, -0.45063632223755123, 10.252112653255463]"
1543504705755346087,,251,,1543504705,755086811,'',,,0,,1543504705,753722280,"""Drone0""","[-0.022509045855728126, 0.020692056348345728, -0.0028045611600232096, 0.8668682853877545, -0.4818716000765562, 10.225076297521591]"
1543504705855854564,,252,,1543504705,855601612,'',,,0,,1543504705,854206159,"""Drone0""","[0.009267370950690515, 0.00467776339212932, 0.004677298379235857, -0.18201063048094512, 0.12228925287723542, 12.039573733806611]"
1543504705957274090,,253,,1543504705,957024318,'',,,0,,1543504705,953699471,"""Drone0""","[0.02495074221462666, -0.02164735719849237, -0.013882159945715167, -0.4361528056114912, -0.08106286506168545, 10.418230880498887]"
1543504706054805754,,254,,1543504706,54605309,'',,,0,,1543504706,53592977,"""Drone0""","[-0.045793545964238486, -0.022375948138467612, 0.006073542244048011, -1.6474093021452427, 0.6183135268092156, 10.806510558128357]"
1543504706155721953,,255,,1543504706,155462176,'',,,0,,1543504706,154092463,"""Drone0""","[-0.020762351317556212, 0.014709297208699047, -0.0002797506383877752, -0.7516728014498949, 1.0186753792315721, 9.184318689107895]"
1543504706254715609,,256,,1543504706,254531426,'',,,0,,1543504706,254457611,"""Drone0""","[-0.04961836127705347, 0.02799629786713305, 0.025558024086354186, -0.19745272502303124, 0.17291110211983324, 9.750375941991807]"
1543504706557895219,,257,,1543504706,557588702,'',,,0,,1543504706,553709779,"""Drone0""","[-0.0267511348188719, -0.00881875314268826, 0.0006099497791740439, 0.5468739635869861, 0.3416156442090869, 8.466121562719346]"
1543504706654838481,,258,,1543504706,654692048,'',,,0,,1543504706,654615135,"""Drone0""","[0.030305841098720202, 0.019671747319871334, -0.013713435166793736, -1.8733693961799145, 2.0777287061512473, 8.449718953371049]"
1543504706768726419,,259,,1543504706,768459080,'',,,0,,1543504706,761965302,"""Drone0""","[0.06500055086794497, -0.10516632562257401, 0.022506909085072257, -0.3841947031393647, -1.069020344540477, 10.597218829393388]"
1543504706958194933,,260,,1543504706,957812212,'',,,0,,1543504706,953885996,"""Drone0""","[-0.04994261778452743, 0.058514688349166004, -0.009476339630693864, 0.38044963460415604, 0.3796031039580703, 9.105042724013328]"
1543504707057742785,,261,,1543504707,57437875,'',,,0,,1543504707,51368788,"""Drone0""","[-0.025967589133683956, -0.010711767576814012, -0.018327575016302684, -0.15805774910375478, -4.871134096384049, 8.942020012736322]"
1543504707156247530,,262,,1543504707,155989414,'',,,0,,1543504707,154576057,"""Drone0""","[-0.018216978929658737, -0.012124938639156332, -0.03969442437000945, -1.0628936319798232, -0.22149494089186192, 11.25988494873047]"
1543504707255331824,,263,,1543504707,255099115,'',,,0,,1543504707,253742956,"""Drone0""","[-0.006645472732899341, 0.044176337231098664, -0.001036543713095128, -1.8137448996305467, 2.6653959524631503, 9.67210862159729]"
1543504707455658024,,264,,1543504707,455419994,'',,,0,,1543504707,454111012,"""Drone0""","[-0.06583461130946576, -0.11254585345702112, -0.0006990989016087024, -0.3073940106108785, 0.01848182555870153, 9.966919387578965]"
1543504707668284521,,265,,1543504707,667975468,'',,,0,,1543504707,663857943,"""Drone0""","[0.06170090676090441, 0.00853203888420601, 0.05863692328201143, -1.1908591425418855, 0.5070856345072389, 9.669705415964128]"
1543504707757779164,,266,,1543504707,757593747,'',,,0,,1543504707,753872673,"""Drone0""","[0.11098632296742754, -0.0628035802878733, 0.028410386127126746, -1.1648870531469584, -3.496534680426121, 9.380983940362931]"
1543504707857647415,,267,,1543504707,857414806,'',,,0,,1543504707,853865233,"""Drone0""","[0.12804106510786206, 0.04667393708634824, -0.015366145085621074, -2.037833738476038, 1.0383215852826835, 10.595719603300095]"
1543504707975214452,,268,,1543504707,975027902,'',,,0,,1543504707,973013819,"""Drone0""","[0.14612436999555564, 0.07137388234710049, -0.032012315662648116, 1.585294622629881, 1.1365225023776293, 9.018039078712464]"
1543504708058056937,,269,,1543504708,57906238,'',,,0,,1543504708,54407198,"""Drone0""","[-0.017759562287086212, -0.04262136740487183, 0.003763077829200988, 0.5108769325911999, -0.63433913692832, 10.210453580617905]"
1543504708155176058,,270,,1543504708,154876579,'',,,0,,1543504708,151381527,"""Drone0""","[-0.015208870859089684, -0.046504897097344663, -0.032412636628162864, 0.15347718654200435, 0.1447926277667284, 9.174622251391412]"
1543504708357276976,,271,,1543504708,357099759,'',,,0,,1543504708,353733504,"""Drone0""","[0.07791170147427123, -0.08721124361898937, -0.004794201268265978, -0.5936143762618303, -1.4181611725687981, 10.183318991661073]"
1543504708455017891,,272,,1543504708,454693266,'',,,0,,1543504708,451354796,"""Drone0""","[0.07930256232070033, -0.019650231891095937, 0.0488892168989142, 0.7035198111087084, -2.300548553019762, 11.721903862953187]"
1543504708655390214,,273,,1543504708,655199007,'',,,0,,1543504708,653871726,"""Drone0""","[-0.006632809193856554, -0.02449978581829218, 0.010174616307323437, 0.32783251438289884, 1.0018372984975576, 9.540276128053666]"
1543504708857919082,,274,,1543504708,857610381,'',,,0,,1543504708,853739738,"""Drone0""","[-0.03904080973709835, 0.06858925198298921, 0.04373352012084574, -0.5869580886885524, 0.19304306561127307, 9.183753848075867]"
1543504709057356755,,275,,1543504709,57090422,'',,,0,,1543504709,51236580,"""Drone0""","[-0.10256687233919652, 0.0029880904098324988, -0.020856685476793865, 2.575313455760479, -0.5256739330664277, 9.470360385775567]"
1543504709155628786,,276,,1543504709,155377053,'',,,0,,1543504709,153941530,"""Drone0""","[-0.054025014870212724, 0.036424387124150005, -0.029538576066289967, 0.902596381008625, -0.476656249165535, 9.447322356104852]"
1543504709358320732,,277,,1543504709,357918926,'',,,0,,1543504709,352017407,"""Drone0""","[0.010045541419725162, -0.0041191676941541265, 0.01262470162365572, 0.9578083493560553, -0.5593918290361762, 9.834760619401932]"
1543504709557564240,,278,,1543504709,557261089,'',,,0,,1543504709,551410912,"""Drone0""","[-0.01520690573748845, -0.03452252392118354, 0.020093007389456827, -2.5180104500055314, 1.9928186564147474, 9.995359075069429]"
1543504709655665511,,279,,1543504709,655467737,'',,,0,,1543504709,652003103,"""Drone0""","[0.039969000439585824, -0.026466253564233683, 0.017610577149447696, -1.3214739534258844, 1.0373478776961567, 9.765457080602646]"
1543504709866221616,,280,,1543504709,865907685,'',,,0,,1543504709,861994913,"""Drone0""","[0.0472192734150016, 0.020373126163051928, 0.02718449354606584, 0.4976415772363544, -0.17192253895103932, 9.828343884944916]"
1543504710057389296,,281,,1543504710,57117341,'',,,0,,1543504710,51408483,"""Drone0""","[-0.07300411976363569, -0.06739782029031502, -0.00708687295822856, -1.178075228780508, 0.18297489115968346, 10.880518766641618]"
1543504710257810592,,282,,1543504710,257458232,'',,,0,,1543504710,251887788,"""Drone0""","[0.04548043312145082, 0.07612526133742449, 0.03252429589864824, 0.7199077293276788, 1.503974617123604, 9.96095873594284]"
1543504710355131678,,283,,1543504710,354931149,'',,,0,,1543504710,351748603,"""Drone0""","[-0.05710432400894127, 0.03613429398003471, 0.03425786604607311, -0.5576088668033481, -0.7940799522399903, 11.21893338918686]"
1543504710657847411,,284,,1543504710,657583254,'',,,0,,1543504710,652073500,"""Drone0""","[0.012178210183336324, -0.32262388985720075, -0.001494204890551924, -1.4215990430116654, 2.0028293819725516, 9.611066029071809]"
1543504710768622876,,285,,1543504710,768409935,'',,,0,,1543504710,762037046,"""Drone0""","[0.022830928404761634, -0.0335609479977184, -0.019531436181126988, -0.8491339726746083, 1.6485020005702973, 9.553676776885986]"
1543504710858115947,,286,,1543504710,857623273,'',,,0,,1543504710,852028349,"""Drone0""","[0.09786983847986697, -0.13889368789890874, -0.022318122172704666, 0.34956255845725537, 2.410857738107443, 9.48795056462288]"
1543504710956468972,,287,,1543504710,956178766,'',,,0,,1543504710,952017158,"""Drone0""","[0.0028561830527584382, -0.1304890178147277, -0.02509818147047617, -0.08420566124841572, 1.7804493919014932, 10.104999046325684]"
1543504711058685402,,288,,1543504711,57988094,'',,,0,,1543504711,52029596,"""Drone0""","[0.6356775106001201, -0.5473321681532989, -0.0348426795766977, 0.33679764814674856, 0.6736051634699106, 9.821377512216568]"
1543504711245362783,,289,,1543504711,245103911,'',,,0,,1543504711,244999268,"""Drone0""","[1.0424880171249016, 0.45386027389758876, 0.02256298735136984, -0.0009082585282885702, 0.2689018447883427, 9.460876201987267]"
1543504711356279251,,290,,1543504711,356028198,'',,,0,,1543504711,352013105,"""Drone0""","[1.4544819672373588, 0.13451096530485737, -0.03919618854194766, -0.4409933499991894, -0.5372829219326377, 5.918383283615112]"
1543504711455970331,,291,,1543504711,455650967,'',,,0,,1543504711,451769439,"""Drone0""","[-0.021060814693753833, 0.012583872035193441, -0.01003696936996647, 0.3399673141166568, -0.6808718638122082, 9.482098086476327]"
1543504711546195500,,292,,1543504711,545922266,'',,,0,,1543504711,545800360,"""Drone0""","[-0.06715037517434383, -0.06422105610044639, -0.0222611700566744, 0.05748484959360212, 0.11314703070558609, 9.597266015410424]"
1543504711655060552,,293,,1543504711,654881126,'',,,0,,1543504711,654781985,"""Drone0""","[-0.02070537215379613, -0.008670294395483951, -0.033683607371862566, -0.07071814928669483, -0.03138791757635773, 9.59105334877968]"
1543504711745785179,,294,,1543504711,745527778,'',,,0,,1543504711,745411745,"""Drone0""","[-0.0032411370066199124, -0.0018649230260375962, 0.022489265642850483, -0.023340195959899574, 0.2669166602566838, 9.853627245426178]"
1543504712245878299,,295,,1543504712,245505676,'',,,0,,1543504712,244137924,"""Drone0""","[-0.0008558412761450526, 0.004602025587440988, 0.0031226359608614185, -0.042471442753449086, -0.034056650754064326, 9.740540340542793]"
1543504712345573624,,296,,1543504712,345262673,'',,,0,,1543504712,345136805,"""Drone0""","[-9.244464611914638e-05, 0.0031707788393484063, 0.005181947640157157, -0.11698380916379393, -0.012699580237967894, 9.778040873408319]"
1543504712458525926,,297,,1543504712,458174434,'',,,0,,1543504712,452060279,"""Drone0""","[-0.013221724083402638, -0.011109396252914258, 0.003649909087332132, -0.08049016683362424, -0.010967906765872613, 9.751283429861068]"
1543504712545923161,,298,,1543504712,545705030,'',,,0,,1543504712,545592905,"""Drone0""","[-0.018098004288554046, -0.014141359380888233, 0.0036198088651561064, -0.0898362741060555, 0.0173165405751206, 9.755525584816933]"
1543504712748321667,,299,,1543504712,748009679,'',,,0,,1543504712,744634228,"""Drone0""","[-0.013502507606972958, -0.009401015864331255, 0.004680192486326717, -0.11142309794202447, 0.019826393940020354, 9.760862338542939]"
1543504712844846973,,300,,1543504712,844275187,'',,,0,,1543504712,844024402,"""Drone0""","[-0.013438487711080974, -0.011244094987720723, 0.0028060937780216315, -0.10133331620134414, 0.02654669938841835, 9.750099368691444]"
1543504713058429640,,301,,1543504713,57331211,'',,,0,,1543504713,51763825,"""Drone0""","[-0.008199268063473552, -0.0019031311953389893, 0.0026322998904276685, -0.0746361172478646, 0.004309491582680494, 9.770559945702553]"
1543504713356356159,,302,,1543504713,356143889,'',,,0,,1543504713,352657788,"""Drone0""","[-0.004777883164805438, 0.0012426758274520701, 0.002526604384293523, -0.08096944665536285, -0.00809103669365868, 9.763446223139763]"
1543504713556515351,,303,,1543504713,556238744,'',,,0,,1543504713,552312194,"""Drone0""","[-0.003816149376224898, 0.0010859516581184841, 0.003220586973739668, -0.08098803897388279, 0.00019815426556306194, 9.765741840004921]"
1543504713656076853,,304,,1543504713,655749258,'',,,0,,1543504713,651930030,"""Drone0""","[-0.002658867523044461, -0.00037500672859897986, 0.002371577460006212, -0.07720545689575374, -0.014220385069493205, 9.769529666304589]"
1543504713755868174,,305,,1543504713,755710151,'',,,0,,1543504713,755631022,"""Drone0""","[-0.004765366307682065, 0.00031805132913035933, 0.0028020077502983664, -0.07044904032256455, -0.015244472357444467, 9.773080095648766]"
1543504713845668317,,306,,1543504713,845442495,'',,,0,,1543504713,845312372,"""Drone0""","[-0.004108232869150965, -0.0003112723292974886, 0.004234502595077598, -0.06955133740324528, -0.007763153504929505, 9.770117896199228]"
1543504713945694902,,307,,1543504713,945432644,'',,,0,,1543504713,944090307,"""Drone0""","[-0.004004322513185012, 0.0027630345723693886, 0.0018121318391362549, -0.07669025324285031, -0.007820280345040374, 9.748622362017633]"
1543504714045764832,,308,,1543504714,45248492,'',,,0,,1543504714,43816647,"""Drone0""","[-0.0037001133149206786, 0.0006809584573514645, 0.002458488577853917, -0.08139206330291927, -0.014580821375129746, 9.741470632553101]"
1543504714146010355,,309,,1543504714,145693363,'',,,0,,1543504714,144328380,"""Drone0""","[-0.004281625462061139, -0.00018340992445795652, 0.004269053209106498, -0.06976461459416897, -0.012136989013524727, 9.767926944494247]"
1543504714246668469,,310,,1543504714,246340471,'',,,0,,1543504714,244919809,"""Drone0""","[-0.0040670350154442, 0.00099714765431337, 0.002535368368904215, -0.07338163367472589, -0.006390340331126936, 9.77126628935337]"
1543504714345599971,,311,,1543504714,344996937,'',,,0,,1543504714,344905240,"""Drone0""","[-0.0031155728623375543, -1.8029638371886822e-05, 0.001810582316306695, -0.06698205714114011, -0.016078731844900176, 9.758596542477608]"
1543504714445126795,,312,,1543504714,444897005,'',,,0,,1543504714,444801891,"""Drone0""","[-0.002075496104553124, 0.0013543672171166096, 0.0021656183600941114, -0.0824406152497977, 0.010692699338542298, 9.784362882971765]"
1543504714546096313,,313,,1543504714,545825521,'',,,0,,1543504714,545698381,"""Drone0""","[-0.0036951732031134466, 0.0009326005227456192, 0.003543296819201646, -0.07774343728087843, 0.006160359746427276, 9.757754543423653]"
1543504714645118696,,314,,1543504714,644957456,'',,,0,,1543504714,644097537,"""Drone0""","[-0.004329031289910501, 0.0005131180611728871, 0.0026992809925864133, -0.07703031451441349, -0.00839266565570142, 9.77032547235489]"
1543504714746334872,,315,,1543504714,746070236,'',,,0,,1543504714,743793985,"""Drone0""","[-0.0017261859871465412, -0.0013932450778054006, 0.003109213264863364, -0.07358497973531485, -0.016081791354808958, 9.78192167043686]"
1543504714847160795,,316,,1543504714,846622659,'',,,0,,1543504714,845251173,"""Drone0""","[-0.005174536042037521, 0.00025759750736697936, 0.00252605042598084, -0.0925990835018456, 0.001822529438941274, 9.755024478435518]"
1543504714944925485,,317,,1543504714,944730538,'',,,0,,1543504714,943812120,"""Drone0""","[-0.0030655821557699996, -0.00026912232723151007, 0.0010121394437339558, -0.08880958526395262, 0.0016754925218992868, 9.754943202137948]"
1543504715045736005,,318,,1543504715,45421441,'',,,0,,1543504715,45298489,"""Drone0""","[-0.005281696546845536, 0.0010833072223798194, 0.0028110926666263594, -0.0770603180397302, -0.008424497006926686, 9.744636315107346]"
1543504715145874208,,319,,1543504715,145668937,'',,,0,,1543504715,145554332,"""Drone0""","[-0.00425784114487267, 0.0010688931230540908, 0.0017919628151424332, -0.0709773636655882, -0.0034492362538003363, 9.765260029435158]"
1543504715245378449,,320,,1543504715,245168358,'',,,0,,1543504715,245067191,"""Drone0""","[-0.003921564262162149, 3.6712546367774065e-06, 0.0014886253860161805, -0.08389676380902529, 0.004637868986756075, 9.746227927207947]"
1543504715351781929,,321,,1543504715,351616219,'',,,0,,1543504715,344289185,"""Drone0""","[-0.004130437754962475, 0.0010719181125491088, 0.0027445921818205895, -0.07638158877845853, -0.014473430179059506, 9.743014882206918]"
1543504715445265292,,322,,1543504715,445139395,'',,,0,,1543504715,444205418,"""Drone0""","[-0.0036211344639916674, 0.0014159824657977653, 0.002357399508167768, -0.08055644136853517, -0.0006129894839250483, 9.768907522559166]"
1543504715545897181,,323,,1543504715,545654730,'',,,0,,1543504715,543967730,"""Drone0""","[-0.003183565393547014, 0.0012528837447162897, 0.0004684875514663485, -0.08010921159759164, -0.013837490659207106, 9.759965375661851]"
1543504715644904000,,324,,1543504715,644733149,'',,,0,,1543504715,644668562,"""Drone0""","[-0.0031254889762088963, 0.0002260932576916999, 0.0019383420080424174, -0.08652457561343908, 0.006975184665061534, 9.744348632097244]"
1543504715744895478,,325,,1543504715,744655322,'',,,0,,1543504715,744573961,"""Drone0""","[-0.0025817016502364394, 0.0012628821721115584, 0.0021723007098058784, -0.08025113448500634, -0.007122013160842471, 9.749452666640282]"
